_id,order_id,usuario_id,monto,metodoPago,estado,fecha
67f9edb236a48ec062a03f38,67f9ed5336a48ec062a03dda,67f9ed3f36a48ec062a03ce7,1474.3400000000001,digital,completado,2025-04-10T17:09:03.459000
67f9edb236a48ec062a03f39,67f9ed5436a48ec062a03ddb,67f9ed3f36a48ec062a03ce4,1417.1599999999999,efectivo,completado,2025-04-08T05:14:01.619000
67f9edb236a48ec062a03f3a,67f9ed5436a48ec062a03ddc,67f9ed3f36a48ec062a03d0e,2257.66,efectivo,completado,2025-04-06T02:11:34.019000
67f9edb336a48ec062a03f3b,67f9ed5436a48ec062a03ddd,67f9ed3f36a48ec062a03cdd,442.79999999999995,digital,completado,2025-04-06T08:56:38.301000
67f9edb336a48ec062a03f3c,67f9ed5536a48ec062a03dde,67f9ed3f36a48ec062a03d04,1336.72,efectivo,completado,2025-04-01T20:41:34.701000
67f9edb336a48ec062a03f3d,67f9ed5536a48ec062a03ddf,67f9ed3f36a48ec062a03ce1,860.28,digital,completado,2025-04-11T07:18:55.269000
67f9edb336a48ec062a03f3e,67f9ed5636a48ec062a03de0,67f9ed3f36a48ec062a03cdb,747.45,digital,completado,2025-04-03T10:47:15.433000
67f9edb336a48ec062a03f3f,67f9ed5636a48ec062a03de1,67f9ed3f36a48ec062a03ce5,1760.49,efectivo,completado,2025-04-06T23:27:46.574000
67f9edb336a48ec062a03f40,67f9ed5636a48ec062a03de2,67f9ed3f36a48ec062a03d0e,1666.7600000000002,efectivo,completado,2025-04-01T23:07:02.057000
67f9edb336a48ec062a03f41,67f9ed5736a48ec062a03de3,67f9ed3f36a48ec062a03ce3,171.86,tarjeta de crédito,completado,2025-04-06T11:29:28.867000
67f9edb436a48ec062a03f42,67f9ed5736a48ec062a03de4,67f9ed3f36a48ec062a03cf1,1803.1999999999998,digital,completado,2025-04-04T18:40:07.411000
67f9edb436a48ec062a03f43,67f9ed5836a48ec062a03de5,67f9ed3f36a48ec062a03d0c,1464.12,tarjeta de crédito,completado,2025-04-02T02:50:03.317000
67f9edb436a48ec062a03f44,67f9ed5836a48ec062a03de6,67f9ed3f36a48ec062a03d0b,550.56,tarjeta de crédito,completado,2025-04-09T01:19:22.655000
67f9edb436a48ec062a03f45,67f9ed5836a48ec062a03de7,67f9ed3f36a48ec062a03d02,1644.3500000000001,efectivo,completado,2025-04-10T15:54:28.389000
67f9edb436a48ec062a03f46,67f9ed5936a48ec062a03de8,67f9ed3f36a48ec062a03d04,564.5699999999999,digital,completado,2025-04-04T22:36:09.619000
67f9edb436a48ec062a03f47,67f9ed5936a48ec062a03de9,67f9ed3f36a48ec062a03ce8,1389.92,tarjeta de crédito,completado,2025-04-09T17:50:04.659000
67f9edb436a48ec062a03f48,67f9ed5a36a48ec062a03dea,67f9ed3f36a48ec062a03cee,2018.31,digital,completado,2025-04-05T18:13:31.362000
67f9edb436a48ec062a03f49,67f9ed5a36a48ec062a03deb,67f9ed3f36a48ec062a03ceb,345.8,tarjeta de crédito,completado,2025-04-05T14:34:30.985000
67f9edb536a48ec062a03f4a,67f9ed5a36a48ec062a03dec,67f9ed3f36a48ec062a03ce7,1549.458,tarjeta de crédito,completado,2025-04-04T12:47:07.945000
67f9edb536a48ec062a03f4b,67f9ed5b36a48ec062a03ded,67f9ed3f36a48ec062a03ce0,651.8399999999999,digital,completado,2025-04-07T13:36:51
67f9edb536a48ec062a03f4c,67f9ed5b36a48ec062a03dee,67f9ed3f36a48ec062a03cfc,629.88,digital,completado,2025-04-03T19:41:12.426000
67f9edb536a48ec062a03f4d,67f9ed5c36a48ec062a03def,67f9ed3f36a48ec062a03d07,420.65600000000006,efectivo,completado,2025-04-07T09:09:55.032000
67f9edb536a48ec062a03f4e,67f9ed5c36a48ec062a03df0,67f9ed3f36a48ec062a03d07,922.56,digital,completado,2025-04-11T16:41:23.588000
67f9edb536a48ec062a03f4f,67f9ed5c36a48ec062a03df1,67f9ed3f36a48ec062a03cef,341.56,tarjeta de crédito,completado,2025-04-06T14:37:13.054000
67f9edb536a48ec062a03f50,67f9ed5d36a48ec062a03df2,67f9ed3f36a48ec062a03ce3,668.01,tarjeta de crédito,completado,2025-04-10T08:49:59.346000
67f9edb636a48ec062a03f51,67f9ed5d36a48ec062a03df3,67f9ed3f36a48ec062a03ce3,393.33000000000004,tarjeta de crédito,completado,2025-04-07T10:06:29.751000
67f9edb636a48ec062a03f52,67f9ed5e36a48ec062a03df4,67f9ed3f36a48ec062a03d0c,215.55200000000002,tarjeta de crédito,completado,2025-04-11T14:56:05.025000
67f9edb636a48ec062a03f53,67f9ed5e36a48ec062a03df5,67f9ed3f36a48ec062a03ceb,213.77,digital,completado,2025-04-06T12:43:51.798000
67f9edb636a48ec062a03f54,67f9ed5e36a48ec062a03df6,67f9ed3f36a48ec062a03d0b,935.75,efectivo,completado,2025-04-08T08:32:44.845000
67f9edb636a48ec062a03f55,67f9ed5f36a48ec062a03df7,67f9ed3f36a48ec062a03d0e,1232.7,tarjeta de crédito,completado,2025-04-06T10:06:39.358000
67f9edb636a48ec062a03f56,67f9ed5f36a48ec062a03df8,67f9ed3f36a48ec062a03cfd,2387.618,digital,completado,2025-04-03T00:19:39.053000
67f9edb636a48ec062a03f57,67f9ed6036a48ec062a03df9,67f9ed3f36a48ec062a03d04,952.9200000000001,efectivo,completado,2025-04-08T20:11:10.284000
67f9edb636a48ec062a03f58,67f9ed6036a48ec062a03dfa,67f9ed3f36a48ec062a03cfa,2704.57,tarjeta de crédito,completado,2025-04-04T14:05:42.243000
67f9edb636a48ec062a03f59,67f9ed6036a48ec062a03dfb,67f9ed3f36a48ec062a03cfb,255.4,digital,completado,2025-04-09T16:11:27.958000
67f9edb736a48ec062a03f5a,67f9ed6136a48ec062a03dfc,67f9ed3f36a48ec062a03ce0,834.9939999999999,tarjeta de crédito,completado,2025-04-10T20:00:26.665000
67f9edb736a48ec062a03f5b,67f9ed6136a48ec062a03dfd,67f9ed3f36a48ec062a03d02,1120.704,efectivo,completado,2025-04-08T05:35:31.893000
67f9edb736a48ec062a03f5c,67f9ed6136a48ec062a03dfe,67f9ed3f36a48ec062a03cd8,636.24,tarjeta de crédito,completado,2025-04-06T14:14:29.790000
67f9edb736a48ec062a03f5d,67f9ed6236a48ec062a03dff,67f9ed3f36a48ec062a03cf3,354.95000000000005,efectivo,completado,2025-04-03T11:11:58.221000
67f9edb736a48ec062a03f5e,67f9ed6236a48ec062a03e00,67f9ed3f36a48ec062a03ce7,1915.25,efectivo,completado,2025-04-05T01:05:46.441000
67f9edb736a48ec062a03f5f,67f9ed6236a48ec062a03e01,67f9ed3f36a48ec062a03cf4,1326.99,tarjeta de crédito,completado,2025-04-01T01:17:39.685000
67f9edb736a48ec062a03f60,67f9ed6336a48ec062a03e02,67f9ed3f36a48ec062a03ce9,423.54,digital,completado,2025-04-07T05:47:12.073000
67f9edb836a48ec062a03f61,67f9ed6336a48ec062a03e03,67f9ed3f36a48ec062a03cfc,413.43000000000006,digital,completado,2025-04-01T17:42:35.245000
67f9edb836a48ec062a03f62,67f9ed6336a48ec062a03e04,67f9ed3f36a48ec062a03d0c,773.014,efectivo,completado,2025-04-09T02:52:53.179000
67f9edb836a48ec062a03f63,67f9ed6436a48ec062a03e05,67f9ed3f36a48ec062a03cf5,2135.76,efectivo,completado,2025-04-03T16:00:31.285000
67f9edb836a48ec062a03f64,67f9ed6436a48ec062a03e06,67f9ed3f36a48ec062a03ce9,939.69,efectivo,completado,2025-04-01T10:31:06.376000
67f9edb836a48ec062a03f65,67f9ed6536a48ec062a03e07,67f9ed3f36a48ec062a03ce1,1269.39,efectivo,completado,2025-04-03T07:44:52.565000
67f9edb836a48ec062a03f66,67f9ed6536a48ec062a03e08,67f9ed3f36a48ec062a03cf2,329.70000000000005,digital,completado,2025-04-04T08:13:51.974000
67f9edb836a48ec062a03f67,67f9ed6536a48ec062a03e09,67f9ed3f36a48ec062a03ced,797.5,digital,completado,2025-04-01T21:01:11.629000
67f9edb836a48ec062a03f68,67f9ed6536a48ec062a03e0a,67f9ed3f36a48ec062a03ce1,1576.48,digital,completado,2025-04-03T01:41:48.809000
67f9edb836a48ec062a03f69,67f9ed6636a48ec062a03e0b,67f9ed3f36a48ec062a03d0e,2209.81,digital,completado,2025-04-11T20:06:06.400000
67f9edb936a48ec062a03f6a,67f9ed6636a48ec062a03e0c,67f9ed3f36a48ec062a03d07,3281.23,efectivo,completado,2025-04-06T00:27:41.992000
67f9edb936a48ec062a03f6b,67f9ed6736a48ec062a03e0d,67f9ed3f36a48ec062a03cf4,2055.12,tarjeta de crédito,completado,2025-04-04T07:58:21.626000
67f9edb936a48ec062a03f6c,67f9ed6736a48ec062a03e0e,67f9ed3f36a48ec062a03ceb,95.96,efectivo,completado,2025-04-04T15:58:29.239000
67f9edb936a48ec062a03f6d,67f9ed6736a48ec062a03e0f,67f9ed3f36a48ec062a03cdf,1349.152,tarjeta de crédito,completado,2025-04-05T13:09:58.010000
67f9edb936a48ec062a03f6e,67f9ed6836a48ec062a03e10,67f9ed3f36a48ec062a03d01,1175.8880000000001,efectivo,completado,2025-04-01T21:04:26
67f9edb936a48ec062a03f6f,67f9ed6836a48ec062a03e11,67f9ed3f36a48ec062a03ce1,1513.08,tarjeta de crédito,completado,2025-04-07T08:00:57.608000
67f9edba36a48ec062a03f70,67f9ed6836a48ec062a03e12,67f9ed3f36a48ec062a03cf2,1003.606,digital,completado,2025-04-09T17:23:32.602000
67f9edba36a48ec062a03f71,67f9ed6936a48ec062a03e13,67f9ed3f36a48ec062a03cde,1861.9199999999998,digital,completado,2025-04-07T01:28:08.185000
67f9edba36a48ec062a03f72,67f9ed6936a48ec062a03e14,67f9ed3f36a48ec062a03d08,830.6880000000001,tarjeta de crédito,completado,2025-04-11T03:39:00.037000
67f9edba36a48ec062a03f73,67f9ed6a36a48ec062a03e15,67f9ed3f36a48ec062a03d0a,296.5,tarjeta de crédito,completado,2025-04-08T17:05:29.107000
67f9edba36a48ec062a03f74,67f9ed6a36a48ec062a03e16,67f9ed3f36a48ec062a03d09,535.74,tarjeta de crédito,completado,2025-04-02T07:13:44.763000
67f9edba36a48ec062a03f75,67f9ed6b36a48ec062a03e17,67f9ed3f36a48ec062a03cfd,626.46,efectivo,completado,2025-04-05T00:22:33.942000
67f9edba36a48ec062a03f76,67f9ed6b36a48ec062a03e18,67f9ed3f36a48ec062a03cf7,1348.7799999999997,efectivo,completado,2025-04-05T02:35:10.896000
67f9edba36a48ec062a03f77,67f9ed6b36a48ec062a03e19,67f9ed3f36a48ec062a03d08,1274.54,efectivo,completado,2025-04-01T16:19:17.912000
67f9edba36a48ec062a03f78,67f9ed6b36a48ec062a03e1a,67f9ed3f36a48ec062a03cfb,289.46,efectivo,completado,2025-04-10T18:06:03.711000
67f9edbb36a48ec062a03f79,67f9ed6c36a48ec062a03e1b,67f9ed3f36a48ec062a03cdd,537.9300000000001,digital,completado,2025-04-11T07:08:46.359000
67f9edbb36a48ec062a03f7a,67f9ed6c36a48ec062a03e1c,67f9ed3f36a48ec062a03d0c,1007.1179999999999,tarjeta de crédito,completado,2025-04-11T12:47:14.341000
67f9edbb36a48ec062a03f7b,67f9ed6d36a48ec062a03e1d,67f9ed3f36a48ec062a03cef,336.33,digital,completado,2025-04-06T06:37:02.298000
67f9edbb36a48ec062a03f7c,67f9ed6d36a48ec062a03e1e,67f9ed3f36a48ec062a03cd9,1436.0,efectivo,completado,2025-04-01T10:04:15.834000
67f9edbb36a48ec062a03f7d,67f9ed6d36a48ec062a03e1f,67f9ed3f36a48ec062a03cff,718.07,tarjeta de crédito,completado,2025-04-05T17:42:02.785000
67f9edbb36a48ec062a03f7e,67f9ed6e36a48ec062a03e20,67f9ed3f36a48ec062a03ced,1028.6399999999999,efectivo,completado,2025-04-07T10:37:22.396000
67f9edbb36a48ec062a03f7f,67f9ed6e36a48ec062a03e21,67f9ed3f36a48ec062a03cff,2762.76,digital,completado,2025-04-02T12:28:03.182000
67f9edbb36a48ec062a03f80,67f9ed6f36a48ec062a03e22,67f9ed3f36a48ec062a03ce4,1376.05,tarjeta de crédito,completado,2025-04-06T18:27:29.098000
67f9edbc36a48ec062a03f81,67f9ed6f36a48ec062a03e23,67f9ed3f36a48ec062a03cec,845.8,tarjeta de crédito,completado,2025-04-09T09:58:57.385000
67f9edbc36a48ec062a03f82,67f9ed6f36a48ec062a03e24,67f9ed3f36a48ec062a03cf6,1764.464,efectivo,completado,2025-04-10T03:11:29.816000
67f9edbc36a48ec062a03f83,67f9ed7036a48ec062a03e25,67f9ed3f36a48ec062a03d00,222.51,tarjeta de crédito,completado,2025-04-08T22:31:45.854000
67f9edbc36a48ec062a03f84,67f9ed7036a48ec062a03e26,67f9ed3f36a48ec062a03cda,422.592,tarjeta de crédito,completado,2025-04-07T13:10:05.323000
67f9edbc36a48ec062a03f85,67f9ed7136a48ec062a03e27,67f9ed3f36a48ec062a03ced,1782.73,efectivo,completado,2025-04-07T21:18:15.760000
67f9edbc36a48ec062a03f86,67f9ed7136a48ec062a03e28,67f9ed3f36a48ec062a03d0a,1386.77,digital,completado,2025-04-01T20:34:35.643000
67f9edbc36a48ec062a03f87,67f9ed7136a48ec062a03e29,67f9ed3f36a48ec062a03cf6,3366.7000000000003,tarjeta de crédito,completado,2025-04-05T13:27:23.985000
67f9edbc36a48ec062a03f88,67f9ed7136a48ec062a03e2a,67f9ed3f36a48ec062a03cfc,600.38,efectivo,completado,2025-04-10T18:20:35.269000
67f9edbd36a48ec062a03f89,67f9ed7236a48ec062a03e2b,67f9ed3f36a48ec062a03cf9,1088.9,tarjeta de crédito,completado,2025-04-04T02:37:44.877000
67f9edbd36a48ec062a03f8a,67f9ed7236a48ec062a03e2c,67f9ed3f36a48ec062a03cdc,735.1260000000001,tarjeta de crédito,completado,2025-04-11T03:32:10.706000
67f9edbd36a48ec062a03f8b,67f9ed7336a48ec062a03e2d,67f9ed3f36a48ec062a03cd9,1921.894,digital,completado,2025-04-04T23:19:41.150000
67f9edbd36a48ec062a03f8c,67f9ed7336a48ec062a03e2e,67f9ed3f36a48ec062a03cfe,449.97,digital,completado,2025-04-10T05:37:21.878000
67f9edbd36a48ec062a03f8d,67f9ed7336a48ec062a03e2f,67f9ed3f36a48ec062a03d06,2232.96,efectivo,completado,2025-04-05T19:33:07.012000
67f9edbd36a48ec062a03f8e,67f9ed7436a48ec062a03e30,67f9ed3f36a48ec062a03ce8,778.5,efectivo,completado,2025-04-09T19:07:54.444000
67f9edbd36a48ec062a03f8f,67f9ed7436a48ec062a03e31,67f9ed3f36a48ec062a03ce3,947.96,efectivo,completado,2025-04-02T05:26:21.593000
67f9edbd36a48ec062a03f90,67f9ed7436a48ec062a03e32,67f9ed3f36a48ec062a03ce6,1980.1599999999999,digital,completado,2025-04-10T20:35:58.590000
67f9edbd36a48ec062a03f91,67f9ed7536a48ec062a03e33,67f9ed3f36a48ec062a03d05,809.2399999999999,digital,completado,2025-04-04T19:43:30.570000
67f9edbd36a48ec062a03f92,67f9ed7536a48ec062a03e34,67f9ed3f36a48ec062a03d0a,1429.394,efectivo,completado,2025-04-05T22:49:51.527000
67f9edbe36a48ec062a03f93,67f9ed7536a48ec062a03e35,67f9ed3f36a48ec062a03cf5,977.01,efectivo,completado,2025-04-04T11:05:42.530000
67f9edbe36a48ec062a03f94,67f9ed7636a48ec062a03e36,67f9ed3f36a48ec062a03ced,339.8,tarjeta de crédito,completado,2025-04-06T09:31:39.543000
67f9edbe36a48ec062a03f95,67f9ed7636a48ec062a03e37,67f9ed3f36a48ec062a03cf6,314.94,digital,completado,2025-04-11T12:36:26.359000
67f9edbe36a48ec062a03f96,67f9ed7636a48ec062a03e38,67f9ed3f36a48ec062a03cf7,1362.9599999999998,digital,completado,2025-04-10T08:55:23.408000
67f9edbe36a48ec062a03f97,67f9ed7736a48ec062a03e39,67f9ed3f36a48ec062a03cdc,112.67200000000001,tarjeta de crédito,completado,2025-04-01T08:02:59.978000
67f9edbe36a48ec062a03f98,67f9ed7736a48ec062a03e3a,67f9ed3f36a48ec062a03ce9,338.016,tarjeta de crédito,completado,2025-04-07T19:20:30.656000
67f9edbe36a48ec062a03f99,67f9ed7836a48ec062a03e3b,67f9ed3f36a48ec062a03cff,352.21000000000004,digital,completado,2025-04-07T03:09:40.812000
67f9edbe36a48ec062a03f9a,67f9ed7836a48ec062a03e3c,67f9ed3f36a48ec062a03cf3,1641.39,tarjeta de crédito,completado,2025-04-09T10:21:08.391000
67f9edbe36a48ec062a03f9b,67f9ed7836a48ec062a03e3d,67f9ed3f36a48ec062a03d00,599.02,digital,completado,2025-04-06T11:57:49.802000
67f9edbf36a48ec062a03f9c,67f9ed7936a48ec062a03e3e,67f9ed3f36a48ec062a03d05,599.02,efectivo,completado,2025-04-11T03:45:12.728000
67f9edbf36a48ec062a03f9d,67f9ed7936a48ec062a03e3f,67f9ed3f36a48ec062a03cda,898.19,efectivo,completado,2025-04-01T16:35:21.679000
67f9edbf36a48ec062a03f9e,67f9ed7936a48ec062a03e40,67f9ed3f36a48ec062a03d01,2088.77,digital,completado,2025-04-11T16:50:32.482000
67f9edbf36a48ec062a03f9f,67f9ed7a36a48ec062a03e41,67f9ed3f36a48ec062a03ce2,1511.46,digital,completado,2025-04-07T08:38:38.422000
67f9edbf36a48ec062a03fa0,67f9ed7a36a48ec062a03e42,67f9ed3f36a48ec062a03cf5,2264.1,digital,completado,2025-04-04T06:51:51.159000
67f9edbf36a48ec062a03fa1,67f9ed7b36a48ec062a03e43,67f9ed3f36a48ec062a03ce2,629.88,efectivo,completado,2025-04-03T11:15:22.186000
67f9edbf36a48ec062a03fa2,67f9ed7b36a48ec062a03e44,67f9ed3f36a48ec062a03ce7,1370.8000000000002,digital,completado,2025-04-04T14:24:00.320000
67f9edc036a48ec062a03fa3,67f9ed7b36a48ec062a03e45,67f9ed3f36a48ec062a03cf2,1276.7520000000002,digital,completado,2025-04-10T06:47:14.693000
67f9edc036a48ec062a03fa4,67f9ed7c36a48ec062a03e46,67f9ed3f36a48ec062a03ced,1284.79,tarjeta de crédito,completado,2025-04-06T18:32:52.104000
67f9edc036a48ec062a03fa5,67f9ed7c36a48ec062a03e47,67f9ed3f36a48ec062a03cfd,973.3799999999999,efectivo,completado,2025-04-05T19:12:52.242000
67f9edc036a48ec062a03fa6,67f9ed7c36a48ec062a03e48,67f9ed3f36a48ec062a03cea,962.64,digital,completado,2025-04-09T08:36:18.451000
67f9edc036a48ec062a03fa7,67f9ed7d36a48ec062a03e49,67f9ed3f36a48ec062a03cfc,1113.06,digital,completado,2025-04-06T00:46:13.402000
67f9edc036a48ec062a03fa8,67f9ed7d36a48ec062a03e4a,67f9ed3f36a48ec062a03ce5,1342.14,tarjeta de crédito,completado,2025-04-06T20:51:51.627000
67f9edc036a48ec062a03fa9,67f9ed7d36a48ec062a03e4b,67f9ed3f36a48ec062a03cfc,198.02,tarjeta de crédito,completado,2025-04-06T04:58:33.637000
67f9edc136a48ec062a03faa,67f9ed7e36a48ec062a03e4c,67f9ed3f36a48ec062a03cf8,762.768,efectivo,completado,2025-04-07T03:05:12.044000
67f9edc136a48ec062a03fab,67f9ed7e36a48ec062a03e4d,67f9ed3f36a48ec062a03ce5,1170.17,digital,completado,2025-04-05T05:11:17.584000
67f9edc136a48ec062a03fac,67f9ed7e36a48ec062a03e4e,67f9ed3f36a48ec062a03d0b,1203.3400000000001,digital,completado,2025-04-02T05:38:11.357000
67f9edc136a48ec062a03fad,67f9ed7f36a48ec062a03e4f,67f9ed3f36a48ec062a03d07,1251.6000000000001,efectivo,completado,2025-04-07T19:27:50.226000
67f9edc136a48ec062a03fae,67f9ed7f36a48ec062a03e50,67f9ed3f36a48ec062a03cfa,2441.16,efectivo,completado,2025-04-07T12:41:40.228000
67f9edc136a48ec062a03faf,67f9ed7f36a48ec062a03e51,67f9ed3f36a48ec062a03ce9,1803.4980000000003,tarjeta de crédito,completado,2025-04-08T04:21:45.848000
67f9edc236a48ec062a03fb0,67f9ed8036a48ec062a03e52,67f9ed3f36a48ec062a03cff,259.35,digital,completado,2025-04-06T00:27:30.147000
67f9edc236a48ec062a03fb1,67f9ed8036a48ec062a03e53,67f9ed3f36a48ec062a03cec,975.01,digital,completado,2025-04-06T06:20:44.193000
67f9edc236a48ec062a03fb2,67f9ed8036a48ec062a03e54,67f9ed3f36a48ec062a03d06,1579.024,tarjeta de crédito,completado,2025-04-08T11:38:22.321000
67f9edc236a48ec062a03fb3,67f9ed8136a48ec062a03e55,67f9ed3f36a48ec062a03ce9,1841.42,tarjeta de crédito,completado,2025-04-03T00:18:00.554000
67f9edc236a48ec062a03fb4,67f9ed8136a48ec062a03e56,67f9ed3f36a48ec062a03cde,191.92,tarjeta de crédito,completado,2025-04-03T03:24:46.767000
67f9edc236a48ec062a03fb5,67f9ed8136a48ec062a03e57,67f9ed3f36a48ec062a03cfe,1285.04,tarjeta de crédito,completado,2025-04-08T01:32:24.449000
67f9edc236a48ec062a03fb6,67f9ed8236a48ec062a03e58,67f9ed3f36a48ec062a03d02,676.88,digital,completado,2025-04-01T07:24:48.666000
67f9edc236a48ec062a03fb7,67f9ed8236a48ec062a03e59,67f9ed3f36a48ec062a03d03,825.0999999999999,digital,completado,2025-04-10T13:23:02.754000
67f9edc336a48ec062a03fb8,67f9ed8236a48ec062a03e5a,67f9ed3f36a48ec062a03d0c,1108.67,efectivo,completado,2025-04-09T22:36:12.526000
67f9edc336a48ec062a03fb9,67f9ed8336a48ec062a03e5b,67f9ed3f36a48ec062a03d00,596.58,tarjeta de crédito,completado,2025-04-04T15:49:27.464000
67f9edc336a48ec062a03fba,67f9ed8336a48ec062a03e5c,67f9ed3f36a48ec062a03d02,2138.828,tarjeta de crédito,completado,2025-04-06T01:28:58.789000
67f9edc336a48ec062a03fbb,67f9ed8336a48ec062a03e5d,67f9ed3f36a48ec062a03d04,2649.6800000000003,digital,completado,2025-04-11T21:19:10.428000
67f9edc336a48ec062a03fbc,67f9ed8436a48ec062a03e5e,67f9ed3f36a48ec062a03d0d,166.19,efectivo,completado,2025-04-06T13:22:32.076000
67f9edc336a48ec062a03fbd,67f9ed8436a48ec062a03e5f,67f9ed3f36a48ec062a03d0d,240.66,digital,completado,2025-04-10T10:12:36.743000
67f9edc336a48ec062a03fbe,67f9ed8536a48ec062a03e60,67f9ed3f36a48ec062a03d06,1285.29,digital,completado,2025-04-03T11:40:50.012000
67f9edc436a48ec062a03fbf,67f9ed8536a48ec062a03e61,67f9ed3f36a48ec062a03cdc,944.852,digital,completado,2025-04-09T21:54:39.420000
67f9edc436a48ec062a03fc0,67f9ed8536a48ec062a03e62,67f9ed3f36a48ec062a03d0a,134.432,digital,completado,2025-04-07T07:17:58.343000
67f9edc436a48ec062a03fc1,67f9ed8636a48ec062a03e63,67f9ed3f36a48ec062a03ce3,1462.4019999999998,efectivo,completado,2025-04-08T04:26:55.486000
67f9edc436a48ec062a03fc2,67f9ed8636a48ec062a03e64,67f9ed3f36a48ec062a03d08,1226.4099999999999,tarjeta de crédito,completado,2025-04-05T08:37:06.619000
67f9edc436a48ec062a03fc3,67f9ed8736a48ec062a03e65,67f9ed3f36a48ec062a03cfe,499.87,digital,completado,2025-04-01T03:40:08.730000
67f9edc436a48ec062a03fc4,67f9ed8736a48ec062a03e66,67f9ed3f36a48ec062a03cda,985.6999999999999,tarjeta de crédito,completado,2025-04-03T01:04:50.345000
67f9edc436a48ec062a03fc5,67f9ed8836a48ec062a03e67,67f9ed3f36a48ec062a03d01,846.77,digital,completado,2025-04-04T23:47:15.393000
67f9edc436a48ec062a03fc6,67f9ed8836a48ec062a03e68,67f9ed3f36a48ec062a03cde,1608.09,digital,completado,2025-04-03T22:09:41.357000
67f9edc536a48ec062a03fc7,67f9ed8936a48ec062a03e69,67f9ed3f36a48ec062a03cfa,287.632,efectivo,completado,2025-04-07T05:53:59.123000
67f9edc536a48ec062a03fc8,67f9ed8936a48ec062a03e6a,67f9ed3f36a48ec062a03cec,1388.51,tarjeta de crédito,completado,2025-04-10T20:07:01.908000
67f9edc536a48ec062a03fc9,67f9ed8a36a48ec062a03e6b,67f9ed3f36a48ec062a03cda,1038.6399999999999,digital,completado,2025-04-02T04:49:20.369000
67f9edc536a48ec062a03fca,67f9ed8a36a48ec062a03e6c,67f9ed3f36a48ec062a03d08,309.58,digital,completado,2025-04-07T23:40:50.449000
67f9edc536a48ec062a03fcb,67f9ed8b36a48ec062a03e6d,67f9ed3f36a48ec062a03d06,685.62,tarjeta de crédito,completado,2025-04-07T12:31:12.337000
67f9edc536a48ec062a03fcc,67f9ed8b36a48ec062a03e6e,67f9ed3f36a48ec062a03cf4,1869.3880000000001,digital,completado,2025-04-08T10:31:18.953000
67f9edc536a48ec062a03fcd,67f9ed8b36a48ec062a03e6f,67f9ed3f36a48ec062a03cf6,517.9399999999999,tarjeta de crédito,completado,2025-04-07T06:55:14.179000
67f9edc636a48ec062a03fce,67f9ed8c36a48ec062a03e70,67f9ed3f36a48ec062a03d0d,981.746,efectivo,completado,2025-04-07T12:28:07.873000
67f9edc636a48ec062a03fcf,67f9ed8c36a48ec062a03e71,67f9ed3f36a48ec062a03d0d,1156.0,tarjeta de crédito,completado,2025-04-02T01:48:48.587000
67f9edc636a48ec062a03fd0,67f9ed8c36a48ec062a03e72,67f9ed3f36a48ec062a03cfb,644.8,tarjeta de crédito,completado,2025-04-03T11:07:36.109000
67f9edc636a48ec062a03fd1,67f9ed8d36a48ec062a03e73,67f9ed3f36a48ec062a03cd9,1532.9599999999996,tarjeta de crédito,completado,2025-04-06T11:21:19.251000
67f9edc636a48ec062a03fd2,67f9ed8d36a48ec062a03e74,67f9ed3f36a48ec062a03ce5,1368.72,efectivo,completado,2025-04-06T00:05:24.216000
67f9edc636a48ec062a03fd3,67f9ed8d36a48ec062a03e75,67f9ed3f36a48ec062a03ce8,2513.76,efectivo,completado,2025-04-06T11:59:07.743000
67f9edc636a48ec062a03fd4,67f9ed8e36a48ec062a03e76,67f9ed3f36a48ec062a03cf0,1013.04,digital,completado,2025-04-09T13:54:37.500000
67f9edc636a48ec062a03fd5,67f9ed8e36a48ec062a03e77,67f9ed3f36a48ec062a03cdd,1183.2,digital,completado,2025-04-09T14:24:03.206000
67f9edc636a48ec062a03fd6,67f9ed8e36a48ec062a03e78,67f9ed3f36a48ec062a03cec,559.3,efectivo,completado,2025-04-06T09:48:27.550000
67f9edc636a48ec062a03fd7,67f9ed8f36a48ec062a03e79,67f9ed3f36a48ec062a03d03,1311.744,digital,completado,2025-04-10T05:33:37.291000
67f9edc736a48ec062a03fd8,67f9ed8f36a48ec062a03e7a,67f9ed3f36a48ec062a03ce0,2795.25,tarjeta de crédito,completado,2025-04-03T11:48:52.179000
67f9edc736a48ec062a03fd9,67f9ed8f36a48ec062a03e7b,67f9ed3f36a48ec062a03ced,2397.278,tarjeta de crédito,completado,2025-04-11T19:42:40.274000
67f9edc736a48ec062a03fda,67f9ed9036a48ec062a03e7c,67f9ed3f36a48ec062a03cf4,383.84,efectivo,completado,2025-04-07T06:23:40.848000
67f9edc736a48ec062a03fdb,67f9ed9036a48ec062a03e7d,67f9ed3f36a48ec062a03cdf,575.76,efectivo,completado,2025-04-02T11:04:38.526000
67f9edc736a48ec062a03fdc,67f9ed9036a48ec062a03e7e,67f9ed3f36a48ec062a03cda,1167.328,efectivo,completado,2025-04-04T00:50:03.560000
67f9edc736a48ec062a03fdd,67f9ed9136a48ec062a03e7f,67f9ed3f36a48ec062a03cf1,1176.468,digital,completado,2025-04-04T12:50:33.325000
67f9edc736a48ec062a03fde,67f9ed9136a48ec062a03e80,67f9ed3f36a48ec062a03ce3,322.18,digital,completado,2025-04-05T16:24:29.458000
67f9edc736a48ec062a03fdf,67f9ed9236a48ec062a03e81,67f9ed3f36a48ec062a03cd9,1816.0299999999997,efectivo,completado,2025-04-10T01:18:51.341000
67f9edc836a48ec062a03fe0,67f9ed9236a48ec062a03e82,67f9ed3f36a48ec062a03ce3,1662.8199999999997,tarjeta de crédito,completado,2025-04-09T19:21:59.592000
67f9edc836a48ec062a03fe1,67f9ed9236a48ec062a03e83,67f9ed3f36a48ec062a03cdb,776.716,tarjeta de crédito,completado,2025-04-04T22:30:19.946000
67f9edc836a48ec062a03fe2,67f9ed9336a48ec062a03e84,67f9ed3f36a48ec062a03cf3,343.94,efectivo,completado,2025-04-05T04:20:13.115000
67f9edc836a48ec062a03fe3,67f9ed9336a48ec062a03e85,67f9ed3f36a48ec062a03cf8,368.536,tarjeta de crédito,completado,2025-04-03T02:32:36.860000
67f9edc836a48ec062a03fe4,67f9ed9336a48ec062a03e86,67f9ed3f36a48ec062a03cf9,766.0740000000001,digital,completado,2025-04-02T06:04:43.871000
67f9edc836a48ec062a03fe5,67f9ed9436a48ec062a03e87,67f9ed3f36a48ec062a03cdf,683.52,efectivo,completado,2025-04-05T22:22:47.702000
67f9edc836a48ec062a03fe6,67f9ed9436a48ec062a03e88,67f9ed3f36a48ec062a03cdf,1869.6,digital,completado,2025-04-06T19:35:24.753000
67f9edc836a48ec062a03fe7,67f9ed9436a48ec062a03e89,67f9ed3f36a48ec062a03ce3,1015.4100000000001,digital,completado,2025-04-01T15:23:02.843000
67f9edc836a48ec062a03fe8,67f9ed9536a48ec062a03e8a,67f9ed3f36a48ec062a03cdd,996.44,efectivo,completado,2025-04-07T02:47:45.038000
67f9edc936a48ec062a03fe9,67f9ed9536a48ec062a03e8b,67f9ed3f36a48ec062a03d08,1193.3799999999999,tarjeta de crédito,completado,2025-04-08T07:45:35.934000
67f9edc936a48ec062a03fea,67f9ed9536a48ec062a03e8c,67f9ed3f36a48ec062a03d0e,629.88,efectivo,completado,2025-04-07T00:51:57.585000
67f9edc936a48ec062a03feb,67f9ed9636a48ec062a03e8d,67f9ed3f36a48ec062a03ce6,515.79,digital,completado,2025-04-02T13:20:36.892000
67f9edc936a48ec062a03fec,67f9ed9636a48ec062a03e8e,67f9ed3f36a48ec062a03cdf,1335.3200000000002,digital,completado,2025-04-06T23:49:55.403000
67f9edc936a48ec062a03fed,67f9ed9636a48ec062a03e8f,67f9ed3f36a48ec062a03cfd,179.888,efectivo,completado,2025-04-11T02:54:22.607000
67f9edc936a48ec062a03fee,67f9ed9736a48ec062a03e90,67f9ed3f36a48ec062a03ce1,1339.8299999999997,digital,completado,2025-04-07T00:25:05.363000
67f9edc936a48ec062a03fef,67f9ed9736a48ec062a03e91,67f9ed3f36a48ec062a03cff,1868.0500000000002,tarjeta de crédito,completado,2025-04-01T07:20:08.103000
67f9edc936a48ec062a03ff0,67f9ed9836a48ec062a03e92,67f9ed3f36a48ec062a03cfd,289.46,digital,completado,2025-04-05T15:04:47.591000
67f9edca36a48ec062a03ff1,67f9ed9836a48ec062a03e93,67f9ed3f36a48ec062a03d0b,862.5219999999999,tarjeta de crédito,completado,2025-04-01T19:16:49.820000
67f9edca36a48ec062a03ff2,67f9ed9936a48ec062a03e94,67f9ed3f36a48ec062a03d05,149.99,efectivo,completado,2025-04-08T02:26:02.251000
67f9edca36a48ec062a03ff3,67f9ed9936a48ec062a03e95,67f9ed3f36a48ec062a03ce7,1026.1480000000001,efectivo,completado,2025-04-10T21:48:49.560000
67f9edca36a48ec062a03ff4,67f9ed9936a48ec062a03e96,67f9ed3f36a48ec062a03d09,300.19,digital,completado,2025-04-07T12:12:46.619000
67f9edca36a48ec062a03ff5,67f9ed9a36a48ec062a03e97,67f9ed3f36a48ec062a03d02,300.19,efectivo,completado,2025-04-02T04:50:47.400000
67f9edca36a48ec062a03ff6,67f9ed9a36a48ec062a03e98,67f9ed3f36a48ec062a03ceb,404.16,digital,completado,2025-04-03T22:33:32.346000
67f9edca36a48ec062a03ff7,67f9ed9a36a48ec062a03e99,67f9ed3f36a48ec062a03ce9,694.2,tarjeta de crédito,completado,2025-04-03T22:35:30.683000
67f9edca36a48ec062a03ff8,67f9ed9b36a48ec062a03e9a,67f9ed3f36a48ec062a03d0d,779.95,digital,completado,2025-04-09T10:26:30.385000
67f9edcb36a48ec062a03ff9,67f9ed9b36a48ec062a03e9b,67f9ed3f36a48ec062a03cf2,926.98,efectivo,completado,2025-04-07T10:11:09.068000
67f9edcb36a48ec062a03ffa,67f9ed9c36a48ec062a03e9c,67f9ed3f36a48ec062a03ce3,1270.3120000000001,efectivo,completado,2025-04-10T07:28:59.127000
67f9edcb36a48ec062a03ffb,67f9ed9c36a48ec062a03e9d,67f9ed3f36a48ec062a03d00,2163.3199999999997,tarjeta de crédito,completado,2025-04-06T11:35:49.132000
67f9edcb36a48ec062a03ffc,67f9ed9c36a48ec062a03e9e,67f9ed3f36a48ec062a03cf3,279.65,efectivo,completado,2025-04-01T21:34:19.558000
67f9edcb36a48ec062a03ffd,67f9ed9c36a48ec062a03e9f,67f9ed3f36a48ec062a03ced,1123.652,tarjeta de crédito,completado,2025-04-04T19:02:39.529000
67f9edcb36a48ec062a03ffe,67f9ed9d36a48ec062a03ea0,67f9ed3f36a48ec062a03ce2,1652.82,efectivo,completado,2025-04-06T11:47:37.853000
67f9edcb36a48ec062a03fff,67f9ed9d36a48ec062a03ea1,67f9ed3f36a48ec062a03cdc,2167.17,efectivo,completado,2025-04-04T21:19:04.714000
67f9f303eb631ef2e63ae15d,67f9ed5336a48ec062a03dda,67f9ed3f36a48ec062a03ce7,1474.3400000000001,efectivo,completado,2025-04-10T17:09:03.459000
67f9f304eb631ef2e63ae15e,67f9ed5436a48ec062a03ddb,67f9ed3f36a48ec062a03ce4,1417.1599999999999,digital,completado,2025-04-08T05:14:01.619000
67f9f304eb631ef2e63ae15f,67f9ed5436a48ec062a03ddc,67f9ed3f36a48ec062a03d0e,2257.66,tarjeta de crédito,completado,2025-04-06T02:11:34.019000
67f9f304eb631ef2e63ae160,67f9ed5436a48ec062a03ddd,67f9ed3f36a48ec062a03cdd,442.79999999999995,efectivo,completado,2025-04-06T08:56:38.301000
67f9f304eb631ef2e63ae161,67f9ed5536a48ec062a03dde,67f9ed3f36a48ec062a03d04,1336.72,tarjeta de crédito,completado,2025-04-01T20:41:34.701000
67f9f304eb631ef2e63ae162,67f9ed5536a48ec062a03ddf,67f9ed3f36a48ec062a03ce1,860.28,efectivo,completado,2025-04-11T07:18:55.269000
67f9f304eb631ef2e63ae163,67f9ed5636a48ec062a03de0,67f9ed3f36a48ec062a03cdb,747.45,tarjeta de crédito,completado,2025-04-03T10:47:15.433000
67f9f304eb631ef2e63ae164,67f9ed5636a48ec062a03de1,67f9ed3f36a48ec062a03ce5,1760.49,efectivo,completado,2025-04-06T23:27:46.574000
67f9f304eb631ef2e63ae165,67f9ed5636a48ec062a03de2,67f9ed3f36a48ec062a03d0e,1666.7600000000002,digital,completado,2025-04-01T23:07:02.057000
67f9f304eb631ef2e63ae166,67f9ed5736a48ec062a03de3,67f9ed3f36a48ec062a03ce3,171.86,efectivo,completado,2025-04-06T11:29:28.867000
67f9f305eb631ef2e63ae167,67f9ed5736a48ec062a03de4,67f9ed3f36a48ec062a03cf1,1803.1999999999998,efectivo,completado,2025-04-04T18:40:07.411000
67f9f305eb631ef2e63ae168,67f9ed5836a48ec062a03de5,67f9ed3f36a48ec062a03d0c,1464.12,digital,completado,2025-04-02T02:50:03.317000
67f9f305eb631ef2e63ae169,67f9ed5836a48ec062a03de6,67f9ed3f36a48ec062a03d0b,550.56,digital,completado,2025-04-09T01:19:22.655000
67f9f305eb631ef2e63ae16a,67f9ed5836a48ec062a03de7,67f9ed3f36a48ec062a03d02,1644.3500000000001,digital,completado,2025-04-10T15:54:28.389000
67f9f305eb631ef2e63ae16b,67f9ed5936a48ec062a03de8,67f9ed3f36a48ec062a03d04,564.5699999999999,efectivo,completado,2025-04-04T22:36:09.619000
67f9f305eb631ef2e63ae16c,67f9ed5936a48ec062a03de9,67f9ed3f36a48ec062a03ce8,1389.92,tarjeta de crédito,completado,2025-04-09T17:50:04.659000
67f9f305eb631ef2e63ae16d,67f9ed5a36a48ec062a03dea,67f9ed3f36a48ec062a03cee,2018.31,efectivo,completado,2025-04-05T18:13:31.362000
67f9f305eb631ef2e63ae16e,67f9ed5a36a48ec062a03deb,67f9ed3f36a48ec062a03ceb,345.8,tarjeta de crédito,completado,2025-04-05T14:34:30.985000
67f9f305eb631ef2e63ae16f,67f9ed5a36a48ec062a03dec,67f9ed3f36a48ec062a03ce7,1549.458,tarjeta de crédito,completado,2025-04-04T12:47:07.945000
67f9f305eb631ef2e63ae170,67f9ed5b36a48ec062a03ded,67f9ed3f36a48ec062a03ce0,651.8399999999999,tarjeta de crédito,completado,2025-04-07T13:36:51
67f9f305eb631ef2e63ae171,67f9ed5b36a48ec062a03dee,67f9ed3f36a48ec062a03cfc,629.88,efectivo,completado,2025-04-03T19:41:12.426000
67f9f306eb631ef2e63ae172,67f9ed5c36a48ec062a03def,67f9ed3f36a48ec062a03d07,420.65600000000006,efectivo,completado,2025-04-07T09:09:55.032000
67f9f306eb631ef2e63ae173,67f9ed5c36a48ec062a03df0,67f9ed3f36a48ec062a03d07,922.56,digital,completado,2025-04-11T16:41:23.588000
67f9f306eb631ef2e63ae174,67f9ed5c36a48ec062a03df1,67f9ed3f36a48ec062a03cef,341.56,tarjeta de crédito,completado,2025-04-06T14:37:13.054000
67f9f306eb631ef2e63ae175,67f9ed5d36a48ec062a03df2,67f9ed3f36a48ec062a03ce3,668.01,digital,completado,2025-04-10T08:49:59.346000
67f9f306eb631ef2e63ae176,67f9ed5d36a48ec062a03df3,67f9ed3f36a48ec062a03ce3,393.33000000000004,efectivo,completado,2025-04-07T10:06:29.751000
67f9f306eb631ef2e63ae177,67f9ed5e36a48ec062a03df4,67f9ed3f36a48ec062a03d0c,215.55200000000002,tarjeta de crédito,completado,2025-04-11T14:56:05.025000
67f9f306eb631ef2e63ae178,67f9ed5e36a48ec062a03df5,67f9ed3f36a48ec062a03ceb,213.77,digital,completado,2025-04-06T12:43:51.798000
67f9f306eb631ef2e63ae179,67f9ed5e36a48ec062a03df6,67f9ed3f36a48ec062a03d0b,935.75,efectivo,completado,2025-04-08T08:32:44.845000
67f9f306eb631ef2e63ae17a,67f9ed5f36a48ec062a03df7,67f9ed3f36a48ec062a03d0e,1232.7,efectivo,completado,2025-04-06T10:06:39.358000
67f9f306eb631ef2e63ae17b,67f9ed5f36a48ec062a03df8,67f9ed3f36a48ec062a03cfd,2387.618,efectivo,completado,2025-04-03T00:19:39.053000
67f9f306eb631ef2e63ae17c,67f9ed6036a48ec062a03df9,67f9ed3f36a48ec062a03d04,952.9200000000001,efectivo,completado,2025-04-08T20:11:10.284000
67f9f306eb631ef2e63ae17d,67f9ed6036a48ec062a03dfa,67f9ed3f36a48ec062a03cfa,2704.57,efectivo,completado,2025-04-04T14:05:42.243000
67f9f306eb631ef2e63ae17e,67f9ed6036a48ec062a03dfb,67f9ed3f36a48ec062a03cfb,255.4,tarjeta de crédito,completado,2025-04-09T16:11:27.958000
67f9f307eb631ef2e63ae17f,67f9ed6136a48ec062a03dfc,67f9ed3f36a48ec062a03ce0,834.9939999999999,digital,completado,2025-04-10T20:00:26.665000
67f9f307eb631ef2e63ae180,67f9ed6136a48ec062a03dfd,67f9ed3f36a48ec062a03d02,1120.704,efectivo,completado,2025-04-08T05:35:31.893000
67f9f307eb631ef2e63ae181,67f9ed6136a48ec062a03dfe,67f9ed3f36a48ec062a03cd8,636.24,tarjeta de crédito,completado,2025-04-06T14:14:29.790000
67f9f307eb631ef2e63ae182,67f9ed6236a48ec062a03dff,67f9ed3f36a48ec062a03cf3,354.95000000000005,digital,completado,2025-04-03T11:11:58.221000
67f9f307eb631ef2e63ae183,67f9ed6236a48ec062a03e00,67f9ed3f36a48ec062a03ce7,1915.25,efectivo,completado,2025-04-05T01:05:46.441000
67f9f307eb631ef2e63ae184,67f9ed6236a48ec062a03e01,67f9ed3f36a48ec062a03cf4,1326.99,tarjeta de crédito,completado,2025-04-01T01:17:39.685000
67f9f307eb631ef2e63ae185,67f9ed6336a48ec062a03e02,67f9ed3f36a48ec062a03ce9,423.54,tarjeta de crédito,completado,2025-04-07T05:47:12.073000
67f9f307eb631ef2e63ae186,67f9ed6336a48ec062a03e03,67f9ed3f36a48ec062a03cfc,413.43000000000006,efectivo,completado,2025-04-01T17:42:35.245000
67f9f307eb631ef2e63ae187,67f9ed6336a48ec062a03e04,67f9ed3f36a48ec062a03d0c,773.014,efectivo,completado,2025-04-09T02:52:53.179000
67f9f307eb631ef2e63ae188,67f9ed6436a48ec062a03e05,67f9ed3f36a48ec062a03cf5,2135.76,tarjeta de crédito,completado,2025-04-03T16:00:31.285000
67f9f307eb631ef2e63ae189,67f9ed6436a48ec062a03e06,67f9ed3f36a48ec062a03ce9,939.69,efectivo,completado,2025-04-01T10:31:06.376000
67f9f308eb631ef2e63ae18a,67f9ed6536a48ec062a03e07,67f9ed3f36a48ec062a03ce1,1269.39,digital,completado,2025-04-03T07:44:52.565000
67f9f308eb631ef2e63ae18b,67f9ed6536a48ec062a03e08,67f9ed3f36a48ec062a03cf2,329.70000000000005,digital,completado,2025-04-04T08:13:51.974000
67f9f308eb631ef2e63ae18c,67f9ed6536a48ec062a03e09,67f9ed3f36a48ec062a03ced,797.5,tarjeta de crédito,completado,2025-04-01T21:01:11.629000
67f9f308eb631ef2e63ae18d,67f9ed6536a48ec062a03e0a,67f9ed3f36a48ec062a03ce1,1576.48,digital,completado,2025-04-03T01:41:48.809000
67f9f308eb631ef2e63ae18e,67f9ed6636a48ec062a03e0b,67f9ed3f36a48ec062a03d0e,2209.81,digital,completado,2025-04-11T20:06:06.400000
67f9f308eb631ef2e63ae18f,67f9ed6636a48ec062a03e0c,67f9ed3f36a48ec062a03d07,3281.23,efectivo,completado,2025-04-06T00:27:41.992000
67f9f308eb631ef2e63ae190,67f9ed6736a48ec062a03e0d,67f9ed3f36a48ec062a03cf4,2055.12,tarjeta de crédito,completado,2025-04-04T07:58:21.626000
67f9f308eb631ef2e63ae191,67f9ed6736a48ec062a03e0e,67f9ed3f36a48ec062a03ceb,95.96,digital,completado,2025-04-04T15:58:29.239000
67f9f308eb631ef2e63ae192,67f9ed6736a48ec062a03e0f,67f9ed3f36a48ec062a03cdf,1349.152,digital,completado,2025-04-05T13:09:58.010000
67f9f309eb631ef2e63ae193,67f9ed6836a48ec062a03e10,67f9ed3f36a48ec062a03d01,1175.8880000000001,efectivo,completado,2025-04-01T21:04:26
67f9f309eb631ef2e63ae194,67f9ed6836a48ec062a03e11,67f9ed3f36a48ec062a03ce1,1513.08,tarjeta de crédito,completado,2025-04-07T08:00:57.608000
67f9f309eb631ef2e63ae195,67f9ed6836a48ec062a03e12,67f9ed3f36a48ec062a03cf2,1003.606,efectivo,completado,2025-04-09T17:23:32.602000
67f9f309eb631ef2e63ae196,67f9ed6936a48ec062a03e13,67f9ed3f36a48ec062a03cde,1861.9199999999998,efectivo,completado,2025-04-07T01:28:08.185000
67f9f309eb631ef2e63ae197,67f9ed6936a48ec062a03e14,67f9ed3f36a48ec062a03d08,830.6880000000001,efectivo,completado,2025-04-11T03:39:00.037000
67f9f309eb631ef2e63ae198,67f9ed6a36a48ec062a03e15,67f9ed3f36a48ec062a03d0a,296.5,tarjeta de crédito,completado,2025-04-08T17:05:29.107000
67f9f309eb631ef2e63ae199,67f9ed6a36a48ec062a03e16,67f9ed3f36a48ec062a03d09,535.74,tarjeta de crédito,completado,2025-04-02T07:13:44.763000
67f9f309eb631ef2e63ae19a,67f9ed6b36a48ec062a03e17,67f9ed3f36a48ec062a03cfd,626.46,efectivo,completado,2025-04-05T00:22:33.942000
67f9f30aeb631ef2e63ae19b,67f9ed6b36a48ec062a03e18,67f9ed3f36a48ec062a03cf7,1348.7799999999997,digital,completado,2025-04-05T02:35:10.896000
67f9f30aeb631ef2e63ae19c,67f9ed6b36a48ec062a03e19,67f9ed3f36a48ec062a03d08,1274.54,efectivo,completado,2025-04-01T16:19:17.912000
67f9f30aeb631ef2e63ae19d,67f9ed6b36a48ec062a03e1a,67f9ed3f36a48ec062a03cfb,289.46,digital,completado,2025-04-10T18:06:03.711000
67f9f30aeb631ef2e63ae19e,67f9ed6c36a48ec062a03e1b,67f9ed3f36a48ec062a03cdd,537.9300000000001,efectivo,completado,2025-04-11T07:08:46.359000
67f9f30aeb631ef2e63ae19f,67f9ed6c36a48ec062a03e1c,67f9ed3f36a48ec062a03d0c,1007.1179999999999,digital,completado,2025-04-11T12:47:14.341000
67f9f30aeb631ef2e63ae1a0,67f9ed6d36a48ec062a03e1d,67f9ed3f36a48ec062a03cef,336.33,digital,completado,2025-04-06T06:37:02.298000
67f9f30aeb631ef2e63ae1a1,67f9ed6d36a48ec062a03e1e,67f9ed3f36a48ec062a03cd9,1436.0,tarjeta de crédito,completado,2025-04-01T10:04:15.834000
67f9f30aeb631ef2e63ae1a2,67f9ed6d36a48ec062a03e1f,67f9ed3f36a48ec062a03cff,718.07,digital,completado,2025-04-05T17:42:02.785000
67f9f30aeb631ef2e63ae1a3,67f9ed6e36a48ec062a03e20,67f9ed3f36a48ec062a03ced,1028.6399999999999,tarjeta de crédito,completado,2025-04-07T10:37:22.396000
67f9f30beb631ef2e63ae1a4,67f9ed6e36a48ec062a03e21,67f9ed3f36a48ec062a03cff,2762.76,efectivo,completado,2025-04-02T12:28:03.182000
67f9f30beb631ef2e63ae1a5,67f9ed6f36a48ec062a03e22,67f9ed3f36a48ec062a03ce4,1376.05,digital,completado,2025-04-06T18:27:29.098000
67f9f30beb631ef2e63ae1a6,67f9ed6f36a48ec062a03e23,67f9ed3f36a48ec062a03cec,845.8,efectivo,completado,2025-04-09T09:58:57.385000
67f9f30beb631ef2e63ae1a7,67f9ed6f36a48ec062a03e24,67f9ed3f36a48ec062a03cf6,1764.464,digital,completado,2025-04-10T03:11:29.816000
67f9f30beb631ef2e63ae1a8,67f9ed7036a48ec062a03e25,67f9ed3f36a48ec062a03d00,222.51,efectivo,completado,2025-04-08T22:31:45.854000
67f9f30beb631ef2e63ae1a9,67f9ed7036a48ec062a03e26,67f9ed3f36a48ec062a03cda,422.592,tarjeta de crédito,completado,2025-04-07T13:10:05.323000
67f9f30beb631ef2e63ae1aa,67f9ed7136a48ec062a03e27,67f9ed3f36a48ec062a03ced,1782.73,tarjeta de crédito,completado,2025-04-07T21:18:15.760000
67f9f30beb631ef2e63ae1ab,67f9ed7136a48ec062a03e28,67f9ed3f36a48ec062a03d0a,1386.77,tarjeta de crédito,completado,2025-04-01T20:34:35.643000
67f9f30beb631ef2e63ae1ac,67f9ed7136a48ec062a03e29,67f9ed3f36a48ec062a03cf6,3366.7000000000003,digital,completado,2025-04-05T13:27:23.985000
67f9f30ceb631ef2e63ae1ad,67f9ed7136a48ec062a03e2a,67f9ed3f36a48ec062a03cfc,600.38,tarjeta de crédito,completado,2025-04-10T18:20:35.269000
67f9f30ceb631ef2e63ae1ae,67f9ed7236a48ec062a03e2b,67f9ed3f36a48ec062a03cf9,1088.9,efectivo,completado,2025-04-04T02:37:44.877000
67f9f30ceb631ef2e63ae1af,67f9ed7236a48ec062a03e2c,67f9ed3f36a48ec062a03cdc,735.1260000000001,efectivo,completado,2025-04-11T03:32:10.706000
67f9f30ceb631ef2e63ae1b0,67f9ed7336a48ec062a03e2d,67f9ed3f36a48ec062a03cd9,1921.894,tarjeta de crédito,completado,2025-04-04T23:19:41.150000
67f9f30ceb631ef2e63ae1b1,67f9ed7336a48ec062a03e2e,67f9ed3f36a48ec062a03cfe,449.97,digital,completado,2025-04-10T05:37:21.878000
67f9f30ceb631ef2e63ae1b2,67f9ed7336a48ec062a03e2f,67f9ed3f36a48ec062a03d06,2232.96,tarjeta de crédito,completado,2025-04-05T19:33:07.012000
67f9f30ceb631ef2e63ae1b3,67f9ed7436a48ec062a03e30,67f9ed3f36a48ec062a03ce8,778.5,digital,completado,2025-04-09T19:07:54.444000
67f9f30ceb631ef2e63ae1b4,67f9ed7436a48ec062a03e31,67f9ed3f36a48ec062a03ce3,947.96,tarjeta de crédito,completado,2025-04-02T05:26:21.593000
67f9f30ceb631ef2e63ae1b5,67f9ed7436a48ec062a03e32,67f9ed3f36a48ec062a03ce6,1980.1599999999999,digital,completado,2025-04-10T20:35:58.590000
67f9f30ceb631ef2e63ae1b6,67f9ed7536a48ec062a03e33,67f9ed3f36a48ec062a03d05,809.2399999999999,tarjeta de crédito,completado,2025-04-04T19:43:30.570000
67f9f30deb631ef2e63ae1b7,67f9ed7536a48ec062a03e34,67f9ed3f36a48ec062a03d0a,1429.394,digital,completado,2025-04-05T22:49:51.527000
67f9f30deb631ef2e63ae1b8,67f9ed7536a48ec062a03e35,67f9ed3f36a48ec062a03cf5,977.01,efectivo,completado,2025-04-04T11:05:42.530000
67f9f30deb631ef2e63ae1b9,67f9ed7636a48ec062a03e36,67f9ed3f36a48ec062a03ced,339.8,efectivo,completado,2025-04-06T09:31:39.543000
67f9f30deb631ef2e63ae1ba,67f9ed7636a48ec062a03e37,67f9ed3f36a48ec062a03cf6,314.94,digital,completado,2025-04-11T12:36:26.359000
67f9f30deb631ef2e63ae1bb,67f9ed7636a48ec062a03e38,67f9ed3f36a48ec062a03cf7,1362.9599999999998,efectivo,completado,2025-04-10T08:55:23.408000
67f9f30deb631ef2e63ae1bc,67f9ed7736a48ec062a03e39,67f9ed3f36a48ec062a03cdc,112.67200000000001,efectivo,completado,2025-04-01T08:02:59.978000
67f9f30deb631ef2e63ae1bd,67f9ed7736a48ec062a03e3a,67f9ed3f36a48ec062a03ce9,338.016,efectivo,completado,2025-04-07T19:20:30.656000
67f9f30deb631ef2e63ae1be,67f9ed7836a48ec062a03e3b,67f9ed3f36a48ec062a03cff,352.21000000000004,tarjeta de crédito,completado,2025-04-07T03:09:40.812000
67f9f30deb631ef2e63ae1bf,67f9ed7836a48ec062a03e3c,67f9ed3f36a48ec062a03cf3,1641.39,tarjeta de crédito,completado,2025-04-09T10:21:08.391000
67f9f30eeb631ef2e63ae1c0,67f9ed7836a48ec062a03e3d,67f9ed3f36a48ec062a03d00,599.02,tarjeta de crédito,completado,2025-04-06T11:57:49.802000
67f9f30eeb631ef2e63ae1c1,67f9ed7936a48ec062a03e3e,67f9ed3f36a48ec062a03d05,599.02,tarjeta de crédito,completado,2025-04-11T03:45:12.728000
67f9f30eeb631ef2e63ae1c2,67f9ed7936a48ec062a03e3f,67f9ed3f36a48ec062a03cda,898.19,efectivo,completado,2025-04-01T16:35:21.679000
67f9f30eeb631ef2e63ae1c3,67f9ed7936a48ec062a03e40,67f9ed3f36a48ec062a03d01,2088.77,efectivo,completado,2025-04-11T16:50:32.482000
67f9f30eeb631ef2e63ae1c4,67f9ed7a36a48ec062a03e41,67f9ed3f36a48ec062a03ce2,1511.46,digital,completado,2025-04-07T08:38:38.422000
67f9f30eeb631ef2e63ae1c5,67f9ed7a36a48ec062a03e42,67f9ed3f36a48ec062a03cf5,2264.1,tarjeta de crédito,completado,2025-04-04T06:51:51.159000
67f9f30eeb631ef2e63ae1c6,67f9ed7b36a48ec062a03e43,67f9ed3f36a48ec062a03ce2,629.88,tarjeta de crédito,completado,2025-04-03T11:15:22.186000
67f9f30eeb631ef2e63ae1c7,67f9ed7b36a48ec062a03e44,67f9ed3f36a48ec062a03ce7,1370.8000000000002,digital,completado,2025-04-04T14:24:00.320000
67f9f30feb631ef2e63ae1c8,67f9ed7b36a48ec062a03e45,67f9ed3f36a48ec062a03cf2,1276.7520000000002,tarjeta de crédito,completado,2025-04-10T06:47:14.693000
67f9f30feb631ef2e63ae1c9,67f9ed7c36a48ec062a03e46,67f9ed3f36a48ec062a03ced,1284.79,tarjeta de crédito,completado,2025-04-06T18:32:52.104000
67f9f30feb631ef2e63ae1ca,67f9ed7c36a48ec062a03e47,67f9ed3f36a48ec062a03cfd,973.3799999999999,efectivo,completado,2025-04-05T19:12:52.242000
67f9f30feb631ef2e63ae1cb,67f9ed7c36a48ec062a03e48,67f9ed3f36a48ec062a03cea,962.64,digital,completado,2025-04-09T08:36:18.451000
67f9f30feb631ef2e63ae1cc,67f9ed7d36a48ec062a03e49,67f9ed3f36a48ec062a03cfc,1113.06,tarjeta de crédito,completado,2025-04-06T00:46:13.402000
67f9f30feb631ef2e63ae1cd,67f9ed7d36a48ec062a03e4a,67f9ed3f36a48ec062a03ce5,1342.14,digital,completado,2025-04-06T20:51:51.627000
67f9f30feb631ef2e63ae1ce,67f9ed7d36a48ec062a03e4b,67f9ed3f36a48ec062a03cfc,198.02,efectivo,completado,2025-04-06T04:58:33.637000
67f9f30feb631ef2e63ae1cf,67f9ed7e36a48ec062a03e4c,67f9ed3f36a48ec062a03cf8,762.768,tarjeta de crédito,completado,2025-04-07T03:05:12.044000
67f9f30feb631ef2e63ae1d0,67f9ed7e36a48ec062a03e4d,67f9ed3f36a48ec062a03ce5,1170.17,digital,completado,2025-04-05T05:11:17.584000
67f9f310eb631ef2e63ae1d1,67f9ed7e36a48ec062a03e4e,67f9ed3f36a48ec062a03d0b,1203.3400000000001,digital,completado,2025-04-02T05:38:11.357000
67f9f310eb631ef2e63ae1d2,67f9ed7f36a48ec062a03e4f,67f9ed3f36a48ec062a03d07,1251.6000000000001,digital,completado,2025-04-07T19:27:50.226000
67f9f310eb631ef2e63ae1d3,67f9ed7f36a48ec062a03e50,67f9ed3f36a48ec062a03cfa,2441.16,digital,completado,2025-04-07T12:41:40.228000
67f9f310eb631ef2e63ae1d4,67f9ed7f36a48ec062a03e51,67f9ed3f36a48ec062a03ce9,1803.4980000000003,efectivo,completado,2025-04-08T04:21:45.848000
67f9f310eb631ef2e63ae1d5,67f9ed8036a48ec062a03e52,67f9ed3f36a48ec062a03cff,259.35,tarjeta de crédito,completado,2025-04-06T00:27:30.147000
67f9f310eb631ef2e63ae1d6,67f9ed8036a48ec062a03e53,67f9ed3f36a48ec062a03cec,975.01,tarjeta de crédito,completado,2025-04-06T06:20:44.193000
67f9f310eb631ef2e63ae1d7,67f9ed8036a48ec062a03e54,67f9ed3f36a48ec062a03d06,1579.024,tarjeta de crédito,completado,2025-04-08T11:38:22.321000
67f9f310eb631ef2e63ae1d8,67f9ed8136a48ec062a03e55,67f9ed3f36a48ec062a03ce9,1841.42,digital,completado,2025-04-03T00:18:00.554000
67f9f311eb631ef2e63ae1d9,67f9ed8136a48ec062a03e56,67f9ed3f36a48ec062a03cde,191.92,digital,completado,2025-04-03T03:24:46.767000
67f9f311eb631ef2e63ae1da,67f9ed8136a48ec062a03e57,67f9ed3f36a48ec062a03cfe,1285.04,tarjeta de crédito,completado,2025-04-08T01:32:24.449000
67f9f311eb631ef2e63ae1db,67f9ed8236a48ec062a03e58,67f9ed3f36a48ec062a03d02,676.88,efectivo,completado,2025-04-01T07:24:48.666000
67f9f311eb631ef2e63ae1dc,67f9ed8236a48ec062a03e59,67f9ed3f36a48ec062a03d03,825.0999999999999,efectivo,completado,2025-04-10T13:23:02.754000
67f9f311eb631ef2e63ae1dd,67f9ed8236a48ec062a03e5a,67f9ed3f36a48ec062a03d0c,1108.67,digital,completado,2025-04-09T22:36:12.526000
67f9f311eb631ef2e63ae1de,67f9ed8336a48ec062a03e5b,67f9ed3f36a48ec062a03d00,596.58,tarjeta de crédito,completado,2025-04-04T15:49:27.464000
67f9f311eb631ef2e63ae1df,67f9ed8336a48ec062a03e5c,67f9ed3f36a48ec062a03d02,2138.828,efectivo,completado,2025-04-06T01:28:58.789000
67f9f311eb631ef2e63ae1e0,67f9ed8336a48ec062a03e5d,67f9ed3f36a48ec062a03d04,2649.6800000000003,digital,completado,2025-04-11T21:19:10.428000
67f9f311eb631ef2e63ae1e1,67f9ed8436a48ec062a03e5e,67f9ed3f36a48ec062a03d0d,166.19,digital,completado,2025-04-06T13:22:32.076000
67f9f312eb631ef2e63ae1e2,67f9ed8436a48ec062a03e5f,67f9ed3f36a48ec062a03d0d,240.66,tarjeta de crédito,completado,2025-04-10T10:12:36.743000
67f9f312eb631ef2e63ae1e3,67f9ed8536a48ec062a03e60,67f9ed3f36a48ec062a03d06,1285.29,efectivo,completado,2025-04-03T11:40:50.012000
67f9f312eb631ef2e63ae1e4,67f9ed8536a48ec062a03e61,67f9ed3f36a48ec062a03cdc,944.852,digital,completado,2025-04-09T21:54:39.420000
67f9f312eb631ef2e63ae1e5,67f9ed8536a48ec062a03e62,67f9ed3f36a48ec062a03d0a,134.432,tarjeta de crédito,completado,2025-04-07T07:17:58.343000
67f9f312eb631ef2e63ae1e6,67f9ed8636a48ec062a03e63,67f9ed3f36a48ec062a03ce3,1462.4019999999998,efectivo,completado,2025-04-08T04:26:55.486000
67f9f312eb631ef2e63ae1e7,67f9ed8636a48ec062a03e64,67f9ed3f36a48ec062a03d08,1226.4099999999999,digital,completado,2025-04-05T08:37:06.619000
67f9f312eb631ef2e63ae1e8,67f9ed8736a48ec062a03e65,67f9ed3f36a48ec062a03cfe,499.87,tarjeta de crédito,completado,2025-04-01T03:40:08.730000
67f9f312eb631ef2e63ae1e9,67f9ed8736a48ec062a03e66,67f9ed3f36a48ec062a03cda,985.6999999999999,digital,completado,2025-04-03T01:04:50.345000
67f9f312eb631ef2e63ae1ea,67f9ed8836a48ec062a03e67,67f9ed3f36a48ec062a03d01,846.77,efectivo,completado,2025-04-04T23:47:15.393000
67f9f313eb631ef2e63ae1eb,67f9ed8836a48ec062a03e68,67f9ed3f36a48ec062a03cde,1608.09,efectivo,completado,2025-04-03T22:09:41.357000
67f9f313eb631ef2e63ae1ec,67f9ed8936a48ec062a03e69,67f9ed3f36a48ec062a03cfa,287.632,efectivo,completado,2025-04-07T05:53:59.123000
67f9f313eb631ef2e63ae1ed,67f9ed8936a48ec062a03e6a,67f9ed3f36a48ec062a03cec,1388.51,digital,completado,2025-04-10T20:07:01.908000
67f9f313eb631ef2e63ae1ee,67f9ed8a36a48ec062a03e6b,67f9ed3f36a48ec062a03cda,1038.6399999999999,digital,completado,2025-04-02T04:49:20.369000
67f9f313eb631ef2e63ae1ef,67f9ed8a36a48ec062a03e6c,67f9ed3f36a48ec062a03d08,309.58,efectivo,completado,2025-04-07T23:40:50.449000
67f9f313eb631ef2e63ae1f0,67f9ed8b36a48ec062a03e6d,67f9ed3f36a48ec062a03d06,685.62,digital,completado,2025-04-07T12:31:12.337000
67f9f313eb631ef2e63ae1f1,67f9ed8b36a48ec062a03e6e,67f9ed3f36a48ec062a03cf4,1869.3880000000001,efectivo,completado,2025-04-08T10:31:18.953000
67f9f313eb631ef2e63ae1f2,67f9ed8b36a48ec062a03e6f,67f9ed3f36a48ec062a03cf6,517.9399999999999,tarjeta de crédito,completado,2025-04-07T06:55:14.179000
67f9f313eb631ef2e63ae1f3,67f9ed8c36a48ec062a03e70,67f9ed3f36a48ec062a03d0d,981.746,tarjeta de crédito,completado,2025-04-07T12:28:07.873000
67f9f313eb631ef2e63ae1f4,67f9ed8c36a48ec062a03e71,67f9ed3f36a48ec062a03d0d,1156.0,digital,completado,2025-04-02T01:48:48.587000
67f9f314eb631ef2e63ae1f5,67f9ed8c36a48ec062a03e72,67f9ed3f36a48ec062a03cfb,644.8,efectivo,completado,2025-04-03T11:07:36.109000
67f9f314eb631ef2e63ae1f6,67f9ed8d36a48ec062a03e73,67f9ed3f36a48ec062a03cd9,1532.9599999999996,digital,completado,2025-04-06T11:21:19.251000
67f9f314eb631ef2e63ae1f7,67f9ed8d36a48ec062a03e74,67f9ed3f36a48ec062a03ce5,1368.72,digital,completado,2025-04-06T00:05:24.216000
67f9f314eb631ef2e63ae1f8,67f9ed8d36a48ec062a03e75,67f9ed3f36a48ec062a03ce8,2513.76,digital,completado,2025-04-06T11:59:07.743000
67f9f314eb631ef2e63ae1f9,67f9ed8e36a48ec062a03e76,67f9ed3f36a48ec062a03cf0,1013.04,efectivo,completado,2025-04-09T13:54:37.500000
67f9f314eb631ef2e63ae1fa,67f9ed8e36a48ec062a03e77,67f9ed3f36a48ec062a03cdd,1183.2,digital,completado,2025-04-09T14:24:03.206000
67f9f314eb631ef2e63ae1fb,67f9ed8e36a48ec062a03e78,67f9ed3f36a48ec062a03cec,559.3,digital,completado,2025-04-06T09:48:27.550000
67f9f314eb631ef2e63ae1fc,67f9ed8f36a48ec062a03e79,67f9ed3f36a48ec062a03d03,1311.744,tarjeta de crédito,completado,2025-04-10T05:33:37.291000
67f9f314eb631ef2e63ae1fd,67f9ed8f36a48ec062a03e7a,67f9ed3f36a48ec062a03ce0,2795.25,tarjeta de crédito,completado,2025-04-03T11:48:52.179000
67f9f314eb631ef2e63ae1fe,67f9ed8f36a48ec062a03e7b,67f9ed3f36a48ec062a03ced,2397.278,efectivo,completado,2025-04-11T19:42:40.274000
67f9f315eb631ef2e63ae1ff,67f9ed9036a48ec062a03e7c,67f9ed3f36a48ec062a03cf4,383.84,efectivo,completado,2025-04-07T06:23:40.848000
67f9f315eb631ef2e63ae200,67f9ed9036a48ec062a03e7d,67f9ed3f36a48ec062a03cdf,575.76,digital,completado,2025-04-02T11:04:38.526000
67f9f315eb631ef2e63ae201,67f9ed9036a48ec062a03e7e,67f9ed3f36a48ec062a03cda,1167.328,digital,completado,2025-04-04T00:50:03.560000
67f9f315eb631ef2e63ae202,67f9ed9136a48ec062a03e7f,67f9ed3f36a48ec062a03cf1,1176.468,digital,completado,2025-04-04T12:50:33.325000
67f9f315eb631ef2e63ae203,67f9ed9136a48ec062a03e80,67f9ed3f36a48ec062a03ce3,322.18,efectivo,completado,2025-04-05T16:24:29.458000
67f9f315eb631ef2e63ae204,67f9ed9236a48ec062a03e81,67f9ed3f36a48ec062a03cd9,1816.0299999999997,digital,completado,2025-04-10T01:18:51.341000
67f9f315eb631ef2e63ae205,67f9ed9236a48ec062a03e82,67f9ed3f36a48ec062a03ce3,1662.8199999999997,efectivo,completado,2025-04-09T19:21:59.592000
67f9f315eb631ef2e63ae206,67f9ed9236a48ec062a03e83,67f9ed3f36a48ec062a03cdb,776.716,tarjeta de crédito,completado,2025-04-04T22:30:19.946000
67f9f315eb631ef2e63ae207,67f9ed9336a48ec062a03e84,67f9ed3f36a48ec062a03cf3,343.94,tarjeta de crédito,completado,2025-04-05T04:20:13.115000
67f9f316eb631ef2e63ae208,67f9ed9336a48ec062a03e85,67f9ed3f36a48ec062a03cf8,368.536,efectivo,completado,2025-04-03T02:32:36.860000
67f9f316eb631ef2e63ae209,67f9ed9336a48ec062a03e86,67f9ed3f36a48ec062a03cf9,766.0740000000001,tarjeta de crédito,completado,2025-04-02T06:04:43.871000
67f9f316eb631ef2e63ae20a,67f9ed9436a48ec062a03e87,67f9ed3f36a48ec062a03cdf,683.52,efectivo,completado,2025-04-05T22:22:47.702000
67f9f316eb631ef2e63ae20b,67f9ed9436a48ec062a03e88,67f9ed3f36a48ec062a03cdf,1869.6,efectivo,completado,2025-04-06T19:35:24.753000
67f9f316eb631ef2e63ae20c,67f9ed9436a48ec062a03e89,67f9ed3f36a48ec062a03ce3,1015.4100000000001,digital,completado,2025-04-01T15:23:02.843000
67f9f316eb631ef2e63ae20d,67f9ed9536a48ec062a03e8a,67f9ed3f36a48ec062a03cdd,996.44,tarjeta de crédito,completado,2025-04-07T02:47:45.038000
67f9f316eb631ef2e63ae20e,67f9ed9536a48ec062a03e8b,67f9ed3f36a48ec062a03d08,1193.3799999999999,tarjeta de crédito,completado,2025-04-08T07:45:35.934000
67f9f316eb631ef2e63ae20f,67f9ed9536a48ec062a03e8c,67f9ed3f36a48ec062a03d0e,629.88,digital,completado,2025-04-07T00:51:57.585000
67f9f316eb631ef2e63ae210,67f9ed9636a48ec062a03e8d,67f9ed3f36a48ec062a03ce6,515.79,tarjeta de crédito,completado,2025-04-02T13:20:36.892000
67f9f317eb631ef2e63ae211,67f9ed9636a48ec062a03e8e,67f9ed3f36a48ec062a03cdf,1335.3200000000002,efectivo,completado,2025-04-06T23:49:55.403000
67f9f317eb631ef2e63ae212,67f9ed9636a48ec062a03e8f,67f9ed3f36a48ec062a03cfd,179.888,tarjeta de crédito,completado,2025-04-11T02:54:22.607000
67f9f317eb631ef2e63ae213,67f9ed9736a48ec062a03e90,67f9ed3f36a48ec062a03ce1,1339.8299999999997,digital,completado,2025-04-07T00:25:05.363000
67f9f317eb631ef2e63ae214,67f9ed9736a48ec062a03e91,67f9ed3f36a48ec062a03cff,1868.0500000000002,tarjeta de crédito,completado,2025-04-01T07:20:08.103000
67f9f317eb631ef2e63ae215,67f9ed9836a48ec062a03e92,67f9ed3f36a48ec062a03cfd,289.46,tarjeta de crédito,completado,2025-04-05T15:04:47.591000
67f9f317eb631ef2e63ae216,67f9ed9836a48ec062a03e93,67f9ed3f36a48ec062a03d0b,862.5219999999999,efectivo,completado,2025-04-01T19:16:49.820000
67f9f317eb631ef2e63ae217,67f9ed9936a48ec062a03e94,67f9ed3f36a48ec062a03d05,149.99,digital,completado,2025-04-08T02:26:02.251000
67f9f317eb631ef2e63ae218,67f9ed9936a48ec062a03e95,67f9ed3f36a48ec062a03ce7,1026.1480000000001,efectivo,completado,2025-04-10T21:48:49.560000
67f9f317eb631ef2e63ae219,67f9ed9936a48ec062a03e96,67f9ed3f36a48ec062a03d09,300.19,efectivo,completado,2025-04-07T12:12:46.619000
67f9f317eb631ef2e63ae21a,67f9ed9a36a48ec062a03e97,67f9ed3f36a48ec062a03d02,300.19,digital,completado,2025-04-02T04:50:47.400000
67f9f318eb631ef2e63ae21b,67f9ed9a36a48ec062a03e98,67f9ed3f36a48ec062a03ceb,404.16,digital,completado,2025-04-03T22:33:32.346000
67f9f318eb631ef2e63ae21c,67f9ed9a36a48ec062a03e99,67f9ed3f36a48ec062a03ce9,694.2,digital,completado,2025-04-03T22:35:30.683000
67f9f318eb631ef2e63ae21d,67f9ed9b36a48ec062a03e9a,67f9ed3f36a48ec062a03d0d,779.95,efectivo,completado,2025-04-09T10:26:30.385000
67f9f318eb631ef2e63ae21e,67f9ed9b36a48ec062a03e9b,67f9ed3f36a48ec062a03cf2,926.98,efectivo,completado,2025-04-07T10:11:09.068000
67f9f318eb631ef2e63ae21f,67f9ed9c36a48ec062a03e9c,67f9ed3f36a48ec062a03ce3,1270.3120000000001,digital,completado,2025-04-10T07:28:59.127000
67f9f318eb631ef2e63ae220,67f9ed9c36a48ec062a03e9d,67f9ed3f36a48ec062a03d00,2163.3199999999997,efectivo,completado,2025-04-06T11:35:49.132000
67f9f318eb631ef2e63ae221,67f9ed9c36a48ec062a03e9e,67f9ed3f36a48ec062a03cf3,279.65,efectivo,completado,2025-04-01T21:34:19.558000
67f9f318eb631ef2e63ae222,67f9ed9c36a48ec062a03e9f,67f9ed3f36a48ec062a03ced,1123.652,efectivo,completado,2025-04-04T19:02:39.529000
67f9f318eb631ef2e63ae223,67f9ed9d36a48ec062a03ea0,67f9ed3f36a48ec062a03ce2,1652.82,tarjeta de crédito,completado,2025-04-06T11:47:37.853000
67f9f318eb631ef2e63ae224,67f9ed9d36a48ec062a03ea1,67f9ed3f36a48ec062a03cdc,2167.17,tarjeta de crédito,completado,2025-04-04T21:19:04.714000
67f9f319eb631ef2e63ae225,67f9f29feb631ef2e63adfff,67f9ed3f36a48ec062a03d09,476.92,digital,completado,2025-04-09T09:26:01.875000
67f9f319eb631ef2e63ae226,67f9f29feb631ef2e63ae000,67f9ed3f36a48ec062a03cdd,674.73,tarjeta de crédito,completado,2025-04-01T11:24:28.906000
67f9f319eb631ef2e63ae227,67f9f29feb631ef2e63ae001,67f9ed3f36a48ec062a03cd8,747.8,efectivo,completado,2025-04-05T17:30:42.675000
67f9f319eb631ef2e63ae228,67f9f2a0eb631ef2e63ae002,67f9f28aeb631ef2e63ade85,872.42,digital,completado,2025-04-06T04:38:44.099000
67f9f319eb631ef2e63ae229,67f9f2a0eb631ef2e63ae003,67f9f28aeb631ef2e63ade54,1937.53,digital,completado,2025-04-08T13:04:12.123000
67f9f319eb631ef2e63ae22a,67f9f2a0eb631ef2e63ae004,67f9f28aeb631ef2e63ade56,860.56,tarjeta de crédito,completado,2025-04-11T09:13:09.029000
67f9f319eb631ef2e63ae22b,67f9f2a1eb631ef2e63ae005,67f9ed3f36a48ec062a03cf8,1906.65,efectivo,completado,2025-04-03T11:59:15.600000
67f9f319eb631ef2e63ae22c,67f9f2a1eb631ef2e63ae006,67f9ed3f36a48ec062a03d0e,2248.1140000000005,tarjeta de crédito,completado,2025-04-02T00:25:28.903000
67f9f31aeb631ef2e63ae22d,67f9f2a2eb631ef2e63ae007,67f9ed3f36a48ec062a03ceb,1559.536,efectivo,completado,2025-04-02T17:30:07.599000
67f9f31aeb631ef2e63ae22e,67f9f2a2eb631ef2e63ae008,67f9ed3f36a48ec062a03ce8,1597.61,digital,completado,2025-04-10T03:55:51.277000
67f9f31aeb631ef2e63ae22f,67f9f2a2eb631ef2e63ae009,67f9f28aeb631ef2e63ade5e,931.1500000000001,digital,completado,2025-04-11T09:00:25.882000
67f9f31aeb631ef2e63ae230,67f9f2a3eb631ef2e63ae00a,67f9ed3f36a48ec062a03cdc,1811.08,efectivo,completado,2025-04-09T23:28:37.478000
67f9f31aeb631ef2e63ae231,67f9f2a3eb631ef2e63ae00b,67f9ed3f36a48ec062a03ce3,2209.3500000000004,efectivo,completado,2025-04-01T10:56:04.195000
67f9f31aeb631ef2e63ae232,67f9f2a4eb631ef2e63ae00c,67f9f28aeb631ef2e63ade74,1248.53,digital,completado,2025-04-02T17:59:20.486000
67f9f31aeb631ef2e63ae233,67f9f2a4eb631ef2e63ae00d,67f9f28aeb631ef2e63ade6f,1586.73,tarjeta de crédito,completado,2025-04-11T00:58:14.299000
67f9f31aeb631ef2e63ae234,67f9f2a5eb631ef2e63ae00e,67f9ed3f36a48ec062a03ce7,587.7,digital,completado,2025-04-11T11:39:46.403000
67f9f31beb631ef2e63ae235,67f9f2a5eb631ef2e63ae00f,67f9ed3f36a48ec062a03d01,355.28999999999996,digital,completado,2025-04-09T08:50:27.681000
67f9f31beb631ef2e63ae236,67f9f2a6eb631ef2e63ae010,67f9ed3f36a48ec062a03cde,1061.58,tarjeta de crédito,completado,2025-04-03T02:13:07.009000
67f9f31beb631ef2e63ae237,67f9f2a6eb631ef2e63ae011,67f9ed3f36a48ec062a03cee,1527.2800000000002,tarjeta de crédito,completado,2025-04-04T00:06:09.024000
67f9f31beb631ef2e63ae238,67f9f2a6eb631ef2e63ae012,67f9f28aeb631ef2e63ade69,1404.8400000000001,digital,completado,2025-04-02T08:42:17.178000
67f9f31beb631ef2e63ae239,67f9f2a7eb631ef2e63ae013,67f9f28aeb631ef2e63ade59,1445.9699999999998,efectivo,completado,2025-04-01T03:50:11.762000
67f9f31beb631ef2e63ae23a,67f9f2a7eb631ef2e63ae014,67f9f28aeb631ef2e63ade6b,1252.9859999999999,efectivo,completado,2025-04-08T12:41:40.910000
67f9f31beb631ef2e63ae23b,67f9f2a8eb631ef2e63ae015,67f9ed3f36a48ec062a03cee,2621.29,efectivo,completado,2025-04-07T05:35:18.653000
67f9f31beb631ef2e63ae23c,67f9f2a8eb631ef2e63ae016,67f9f28aeb631ef2e63ade63,699.37,digital,completado,2025-04-01T01:12:15.048000
67f9f31beb631ef2e63ae23d,67f9f2a8eb631ef2e63ae017,67f9ed3f36a48ec062a03d00,1483.9940000000001,tarjeta de crédito,completado,2025-04-06T18:54:31.979000
67f9f31ceb631ef2e63ae23e,67f9f2a9eb631ef2e63ae018,67f9f28aeb631ef2e63ade74,1162.06,efectivo,completado,2025-04-05T03:24:34.409000
67f9f31ceb631ef2e63ae23f,67f9f2a9eb631ef2e63ae019,67f9ed3f36a48ec062a03cf0,1160.5900000000001,tarjeta de crédito,completado,2025-04-06T06:43:33.686000
67f9f31ceb631ef2e63ae240,67f9f2aaeb631ef2e63ae01a,67f9ed3f36a48ec062a03d09,2160.1,tarjeta de crédito,completado,2025-04-04T22:07:14.872000
67f9f31ceb631ef2e63ae241,67f9f2aaeb631ef2e63ae01b,67f9ed3f36a48ec062a03ce0,1853.92,efectivo,completado,2025-04-11T10:25:04.113000
67f9f31ceb631ef2e63ae242,67f9f2aaeb631ef2e63ae01c,67f9ed3f36a48ec062a03cfc,121.7,efectivo,completado,2025-04-01T18:12:33.880000
67f9f31ceb631ef2e63ae243,67f9f2abeb631ef2e63ae01d,67f9f28aeb631ef2e63ade63,939.69,digital,completado,2025-04-05T13:14:37.907000
67f9f31ceb631ef2e63ae244,67f9f2abeb631ef2e63ae01e,67f9f28aeb631ef2e63ade77,391.28,digital,completado,2025-04-06T20:25:02.892000
67f9f31ceb631ef2e63ae245,67f9f2aceb631ef2e63ae01f,67f9f28aeb631ef2e63ade7e,2250.86,efectivo,completado,2025-04-03T12:37:47.363000
67f9f31ceb631ef2e63ae246,67f9f2aceb631ef2e63ae020,67f9ed3f36a48ec062a03cdf,2456.2200000000003,tarjeta de crédito,completado,2025-04-06T01:00:43.486000
67f9f31ceb631ef2e63ae247,67f9f2adeb631ef2e63ae021,67f9f28aeb631ef2e63ade66,514.76,tarjeta de crédito,completado,2025-04-04T23:57:44.563000
67f9f31deb631ef2e63ae248,67f9f2adeb631ef2e63ae022,67f9f28aeb631ef2e63ade82,1598.79,digital,completado,2025-04-02T15:10:56.430000
67f9f31deb631ef2e63ae249,67f9f2aeeb631ef2e63ae023,67f9f28aeb631ef2e63ade56,1626.65,efectivo,completado,2025-04-02T11:51:15.978000
67f9f31deb631ef2e63ae24a,67f9f2aeeb631ef2e63ae024,67f9ed3f36a48ec062a03d0e,1264.51,digital,completado,2025-04-06T13:03:25.288000
67f9f31deb631ef2e63ae24b,67f9f2aeeb631ef2e63ae025,67f9f28aeb631ef2e63ade59,819.1800000000001,efectivo,completado,2025-04-05T09:30:03.740000
67f9f31deb631ef2e63ae24c,67f9f2afeb631ef2e63ae026,67f9f28aeb631ef2e63ade77,1231.78,digital,completado,2025-04-05T13:32:54.397000
67f9f31deb631ef2e63ae24d,67f9f2afeb631ef2e63ae027,67f9ed3f36a48ec062a03d0b,298.03,efectivo,completado,2025-04-04T15:51:32.566000
67f9f31deb631ef2e63ae24e,67f9f2b0eb631ef2e63ae028,67f9ed3f36a48ec062a03cde,686.8560000000001,tarjeta de crédito,completado,2025-04-10T13:18:33.716000
67f9f31deb631ef2e63ae24f,67f9f2b0eb631ef2e63ae029,67f9f28aeb631ef2e63ade88,1490.882,efectivo,completado,2025-04-01T03:49:35.201000
67f9f31deb631ef2e63ae250,67f9f2b1eb631ef2e63ae02a,67f9ed3f36a48ec062a03ce4,1215.4,tarjeta de crédito,completado,2025-04-07T05:19:19.510000
67f9f31deb631ef2e63ae251,67f9f2b1eb631ef2e63ae02b,67f9ed3f36a48ec062a03ce6,1910.93,tarjeta de crédito,completado,2025-04-08T07:48:20.800000
67f9f31eeb631ef2e63ae252,67f9f2b1eb631ef2e63ae02c,67f9f28aeb631ef2e63ade5f,1164.8200000000002,digital,completado,2025-04-05T22:32:34.209000
67f9f31eeb631ef2e63ae253,67f9f2b2eb631ef2e63ae02d,67f9ed3f36a48ec062a03ce6,1773.38,digital,completado,2025-04-03T07:47:03.512000
67f9f31eeb631ef2e63ae254,67f9f2b2eb631ef2e63ae02e,67f9f28aeb631ef2e63ade52,276.05,digital,completado,2025-04-04T06:39:47.639000
67f9f31eeb631ef2e63ae255,67f9f2b3eb631ef2e63ae02f,67f9f28aeb631ef2e63ade60,165.55,tarjeta de crédito,completado,2025-04-05T00:57:04.343000
67f9f31eeb631ef2e63ae256,67f9f2b3eb631ef2e63ae030,67f9ed3f36a48ec062a03d02,1527.5,digital,completado,2025-04-11T12:21:18.702000
67f9f31eeb631ef2e63ae257,67f9f2b4eb631ef2e63ae031,67f9ed3f36a48ec062a03d08,135.864,digital,completado,2025-04-01T07:26:44.799000
67f9f31eeb631ef2e63ae258,67f9f2b4eb631ef2e63ae032,67f9f28aeb631ef2e63ade6d,1273.34,efectivo,completado,2025-04-08T06:29:44.173000
67f9f31eeb631ef2e63ae259,67f9f2b5eb631ef2e63ae033,67f9ed3f36a48ec062a03ced,545.648,digital,completado,2025-04-03T18:09:20.746000
67f9f31eeb631ef2e63ae25a,67f9f2b5eb631ef2e63ae034,67f9f28aeb631ef2e63ade88,1114.548,tarjeta de crédito,completado,2025-04-04T19:31:28.982000
67f9f31feb631ef2e63ae25b,67f9f2b5eb631ef2e63ae035,67f9f28aeb631ef2e63ade6b,1435.64,tarjeta de crédito,completado,2025-04-06T07:17:30.807000
67f9f31feb631ef2e63ae25c,67f9f2b6eb631ef2e63ae036,67f9ed3f36a48ec062a03cdc,527.63,tarjeta de crédito,completado,2025-04-04T02:25:40.221000
67f9f31feb631ef2e63ae25d,67f9f2b6eb631ef2e63ae037,67f9f28aeb631ef2e63ade53,833.9520000000001,tarjeta de crédito,completado,2025-04-01T11:46:46.945000
67f9f31feb631ef2e63ae25e,67f9f2b7eb631ef2e63ae038,67f9f28aeb631ef2e63ade54,1721.04,tarjeta de crédito,completado,2025-04-07T23:07:26.427000
67f9f31feb631ef2e63ae25f,67f9f2b7eb631ef2e63ae039,67f9f28aeb631ef2e63ade63,1398.558,efectivo,completado,2025-04-11T08:46:15.236000
67f9f31feb631ef2e63ae260,67f9f2b7eb631ef2e63ae03a,67f9f28aeb631ef2e63ade6a,2029.11,digital,completado,2025-04-10T14:24:45.152000
67f9f31feb631ef2e63ae261,67f9f2b8eb631ef2e63ae03b,67f9f28aeb631ef2e63ade54,1427.1380000000001,efectivo,completado,2025-04-11T11:21:15.090000
67f9f31feb631ef2e63ae262,67f9f2b8eb631ef2e63ae03c,67f9f28aeb631ef2e63ade57,975.2640000000001,efectivo,completado,2025-04-09T20:36:41.721000
67f9f31feb631ef2e63ae263,67f9f2b9eb631ef2e63ae03d,67f9f28aeb631ef2e63ade77,1898.17,tarjeta de crédito,completado,2025-04-01T19:47:08.878000
67f9f320eb631ef2e63ae264,67f9f2b9eb631ef2e63ae03e,67f9f28aeb631ef2e63ade68,2077.9399999999996,efectivo,completado,2025-04-02T11:38:22.394000
67f9f320eb631ef2e63ae265,67f9f2baeb631ef2e63ae03f,67f9f28aeb631ef2e63ade76,638.32,digital,completado,2025-04-08T11:00:50.514000
67f9f320eb631ef2e63ae266,67f9f2baeb631ef2e63ae040,67f9f28aeb631ef2e63ade63,1746.8899999999999,efectivo,completado,2025-04-05T17:08:44.917000
67f9f320eb631ef2e63ae267,67f9f2baeb631ef2e63ae041,67f9ed3f36a48ec062a03d05,108.48,tarjeta de crédito,completado,2025-04-07T00:16:39.384000
67f9f320eb631ef2e63ae268,67f9f2bbeb631ef2e63ae042,67f9f28aeb631ef2e63ade68,186.34,tarjeta de crédito,completado,2025-04-07T05:33:55.379000
67f9f320eb631ef2e63ae269,67f9f2bbeb631ef2e63ae043,67f9f28aeb631ef2e63ade54,1829.47,tarjeta de crédito,completado,2025-04-05T07:02:14.763000
67f9f320eb631ef2e63ae26a,67f9f2bceb631ef2e63ae044,67f9ed3f36a48ec062a03ce3,669.64,tarjeta de crédito,completado,2025-04-06T18:59:13.504000
67f9f320eb631ef2e63ae26b,67f9f2bceb631ef2e63ae045,67f9ed3f36a48ec062a03ce8,1263.68,tarjeta de crédito,completado,2025-04-09T21:31:55.492000
67f9f320eb631ef2e63ae26c,67f9f2bceb631ef2e63ae046,67f9ed3f36a48ec062a03cde,953.6999999999999,tarjeta de crédito,completado,2025-04-07T07:35:40.808000
67f9f320eb631ef2e63ae26d,67f9f2bdeb631ef2e63ae047,67f9ed3f36a48ec062a03d09,1393.866,digital,completado,2025-04-06T11:11:28.124000
67f9f321eb631ef2e63ae26e,67f9f2bdeb631ef2e63ae048,67f9f28aeb631ef2e63ade60,234.51,digital,completado,2025-04-02T12:19:45.858000
67f9f321eb631ef2e63ae26f,67f9f2beeb631ef2e63ae049,67f9f28aeb631ef2e63ade54,540.31,efectivo,completado,2025-04-03T16:54:50.408000
67f9f321eb631ef2e63ae270,67f9f2beeb631ef2e63ae04a,67f9f28aeb631ef2e63ade62,2322.28,digital,completado,2025-04-06T06:25:10.270000
67f9f321eb631ef2e63ae271,67f9f2beeb631ef2e63ae04b,67f9ed3f36a48ec062a03ce7,295.82,efectivo,completado,2025-04-09T04:37:28.185000
67f9f321eb631ef2e63ae272,67f9f2bfeb631ef2e63ae04c,67f9f28aeb631ef2e63ade65,1263.0,efectivo,completado,2025-04-11T20:58:30.923000
67f9f321eb631ef2e63ae273,67f9f2bfeb631ef2e63ae04d,67f9ed3f36a48ec062a03cf5,954.56,tarjeta de crédito,completado,2025-04-08T09:47:34.270000
67f9f321eb631ef2e63ae274,67f9f2bfeb631ef2e63ae04e,67f9ed3f36a48ec062a03ce9,2271.66,efectivo,completado,2025-04-08T00:05:33.722000
67f9f321eb631ef2e63ae275,67f9f2c0eb631ef2e63ae04f,67f9f28aeb631ef2e63ade73,707.4000000000001,efectivo,completado,2025-04-05T09:13:09.676000
67f9f321eb631ef2e63ae276,67f9f2c0eb631ef2e63ae050,67f9f28aeb631ef2e63ade68,308.31,efectivo,completado,2025-04-08T08:23:50.024000
67f9f321eb631ef2e63ae277,67f9f2c1eb631ef2e63ae051,67f9ed3f36a48ec062a03cf8,1001.73,tarjeta de crédito,completado,2025-04-06T09:13:23.371000
67f9f322eb631ef2e63ae278,67f9f2c1eb631ef2e63ae052,67f9ed3f36a48ec062a03cdc,1072.22,digital,completado,2025-04-11T10:18:19.548000
67f9f322eb631ef2e63ae279,67f9f2c1eb631ef2e63ae053,67f9f28aeb631ef2e63ade58,1955.29,tarjeta de crédito,completado,2025-04-08T05:21:07.110000
67f9f322eb631ef2e63ae27a,67f9f2c2eb631ef2e63ae054,67f9ed3f36a48ec062a03cfc,251.63,efectivo,completado,2025-04-01T08:13:56.209000
67f9f322eb631ef2e63ae27b,67f9f2c2eb631ef2e63ae055,67f9f28aeb631ef2e63ade73,974.0799999999999,efectivo,completado,2025-04-01T09:53:33.145000
67f9f322eb631ef2e63ae27c,67f9f2c3eb631ef2e63ae056,67f9f28aeb631ef2e63ade53,199.74,efectivo,completado,2025-04-08T14:33:28.104000
67f9f322eb631ef2e63ae27d,67f9f2c3eb631ef2e63ae057,67f9f28aeb631ef2e63ade6a,1973.5,efectivo,completado,2025-04-08T13:00:52.451000
67f9f322eb631ef2e63ae27e,67f9f2c4eb631ef2e63ae058,67f9f28aeb631ef2e63ade77,915.24,efectivo,completado,2025-04-07T14:40:31.162000
67f9f322eb631ef2e63ae27f,67f9f2c4eb631ef2e63ae059,67f9f28aeb631ef2e63ade5f,1478.4099999999999,efectivo,completado,2025-04-08T13:51:36.795000
67f9f323eb631ef2e63ae280,67f9f2c5eb631ef2e63ae05a,67f9f28aeb631ef2e63ade5d,1108.48,efectivo,completado,2025-04-05T16:16:38.989000
67f9f323eb631ef2e63ae281,67f9f2c5eb631ef2e63ae05b,67f9f28aeb631ef2e63ade63,1881.88,tarjeta de crédito,completado,2025-04-03T04:02:15.115000
67f9f323eb631ef2e63ae282,67f9f2c6eb631ef2e63ae05c,67f9ed3f36a48ec062a03ce6,1200.76,efectivo,completado,2025-04-10T12:48:56.353000
67f9f323eb631ef2e63ae283,67f9f2c6eb631ef2e63ae05d,67f9f28aeb631ef2e63ade76,648.8400000000001,tarjeta de crédito,completado,2025-04-01T11:35:39.075000
67f9f323eb631ef2e63ae284,67f9f2c6eb631ef2e63ae05e,67f9f28aeb631ef2e63ade80,665.5920000000001,digital,completado,2025-04-09T13:50:15.484000
67f9f323eb631ef2e63ae285,67f9f2c7eb631ef2e63ae05f,67f9ed3f36a48ec062a03ce9,685.58,digital,completado,2025-04-07T16:24:48.868000
67f9f323eb631ef2e63ae286,67f9f2c7eb631ef2e63ae060,67f9ed3f36a48ec062a03cd8,165.55,efectivo,completado,2025-04-10T17:57:53.317000
67f9f323eb631ef2e63ae287,67f9f2c8eb631ef2e63ae061,67f9f28aeb631ef2e63ade7d,972.8299999999999,digital,completado,2025-04-03T15:10:38.101000
67f9f324eb631ef2e63ae288,67f9f2c8eb631ef2e63ae062,67f9ed3f36a48ec062a03ce0,784.77,digital,completado,2025-04-09T08:45:35.773000
67f9f324eb631ef2e63ae289,67f9f2c8eb631ef2e63ae063,67f9ed3f36a48ec062a03ce7,322.92,tarjeta de crédito,completado,2025-04-03T15:47:03.744000
67f9f324eb631ef2e63ae28a,67f9f2c9eb631ef2e63ae064,67f9ed3f36a48ec062a03cec,2266.26,efectivo,completado,2025-04-01T03:46:49.378000
67f9f324eb631ef2e63ae28b,67f9f2c9eb631ef2e63ae065,67f9ed3f36a48ec062a03d03,1168.38,digital,completado,2025-04-07T09:56:49.877000
67f9f324eb631ef2e63ae28c,67f9f2caeb631ef2e63ae066,67f9ed3f36a48ec062a03cdc,157.47,digital,completado,2025-04-06T10:51:49.956000
67f9f324eb631ef2e63ae28d,67f9f2caeb631ef2e63ae067,67f9ed3f36a48ec062a03cf7,1454.6299999999999,digital,completado,2025-04-04T19:16:46.080000
67f9f324eb631ef2e63ae28e,67f9f2caeb631ef2e63ae068,67f9ed3f36a48ec062a03cfa,2951.93,tarjeta de crédito,completado,2025-04-07T15:40:52.123000
67f9f324eb631ef2e63ae28f,67f9f2cbeb631ef2e63ae069,67f9ed3f36a48ec062a03cf0,885.532,digital,completado,2025-04-11T15:50:13.194000
67f9f324eb631ef2e63ae290,67f9f2cbeb631ef2e63ae06a,67f9ed3f36a48ec062a03cf5,446.46,digital,completado,2025-04-09T09:49:58.846000
67f9f325eb631ef2e63ae291,67f9f2cbeb631ef2e63ae06b,67f9ed3f36a48ec062a03ce0,681.54,efectivo,completado,2025-04-09T21:16:16.552000
67f9f325eb631ef2e63ae292,67f9f2cceb631ef2e63ae06c,67f9f28aeb631ef2e63ade60,2443.8199999999997,tarjeta de crédito,completado,2025-04-02T14:36:40.498000
67f9f325eb631ef2e63ae293,67f9f2cceb631ef2e63ae06d,67f9ed3f36a48ec062a03cee,1467.77,efectivo,completado,2025-04-09T00:08:57.317000
67f9f325eb631ef2e63ae294,67f9f2cceb631ef2e63ae06e,67f9ed3f36a48ec062a03cf2,1536.3039999999999,tarjeta de crédito,completado,2025-04-01T17:16:58.574000
67f9f325eb631ef2e63ae295,67f9f2cdeb631ef2e63ae06f,67f9f28aeb631ef2e63ade55,1229.88,digital,completado,2025-04-06T16:19:29.543000
67f9f325eb631ef2e63ae296,67f9f2cdeb631ef2e63ae070,67f9f28aeb631ef2e63ade67,1017.26,tarjeta de crédito,completado,2025-04-11T15:31:28.384000
67f9f325eb631ef2e63ae297,67f9f2ceeb631ef2e63ae071,67f9f28aeb631ef2e63ade5a,686.1600000000001,efectivo,completado,2025-04-10T02:11:41.866000
67f9f325eb631ef2e63ae298,67f9f2ceeb631ef2e63ae072,67f9f28aeb631ef2e63ade80,406.28,digital,completado,2025-04-02T19:27:43.223000
67f9f325eb631ef2e63ae299,67f9f2cfeb631ef2e63ae073,67f9ed3f36a48ec062a03cee,1218.84,tarjeta de crédito,completado,2025-04-06T14:40:02.540000
67f9f325eb631ef2e63ae29a,67f9f2cfeb631ef2e63ae074,67f9f28aeb631ef2e63ade7c,1420.32,efectivo,completado,2025-04-08T10:45:33.655000
67f9f326eb631ef2e63ae29b,67f9f2d0eb631ef2e63ae075,67f9ed3f36a48ec062a03cf8,1011.0,efectivo,completado,2025-04-03T12:27:23.231000
67f9f326eb631ef2e63ae29c,67f9f2d0eb631ef2e63ae076,67f9ed3f36a48ec062a03d07,76.28,tarjeta de crédito,completado,2025-04-10T16:43:20.827000
67f9f326eb631ef2e63ae29d,67f9f2d0eb631ef2e63ae077,67f9ed3f36a48ec062a03d08,1700.2999999999997,digital,completado,2025-04-06T10:40:30.316000
67f9f326eb631ef2e63ae29e,67f9f2d1eb631ef2e63ae078,67f9ed3f36a48ec062a03cff,1214.326,tarjeta de crédito,completado,2025-04-02T12:36:20.479000
67f9f326eb631ef2e63ae29f,67f9f2d1eb631ef2e63ae079,67f9ed3f36a48ec062a03cf7,1766.4700000000003,digital,completado,2025-04-05T10:15:23.761000
67f9f326eb631ef2e63ae2a0,67f9f2d2eb631ef2e63ae07a,67f9f28aeb631ef2e63ade71,485.04,efectivo,completado,2025-04-02T11:50:50.756000
67f9f326eb631ef2e63ae2a1,67f9f2d2eb631ef2e63ae07b,67f9f28aeb631ef2e63ade75,1342.68,efectivo,completado,2025-04-04T03:35:43.405000
67f9f327eb631ef2e63ae2a2,67f9f2d2eb631ef2e63ae07c,67f9f28aeb631ef2e63ade5d,2779.24,digital,completado,2025-04-10T18:35:04.904000
67f9f327eb631ef2e63ae2a3,67f9f2d3eb631ef2e63ae07d,67f9f28aeb631ef2e63ade52,2294.5399999999995,tarjeta de crédito,completado,2025-04-04T23:22:11.910000
67f9f327eb631ef2e63ae2a4,67f9f2d3eb631ef2e63ae07e,67f9ed3f36a48ec062a03cfb,384.22800000000007,tarjeta de crédito,completado,2025-04-08T05:13:02.847000
67f9f327eb631ef2e63ae2a5,67f9f2d4eb631ef2e63ae07f,67f9ed3f36a48ec062a03cd8,332.38,digital,completado,2025-04-01T04:09:32.193000
67f9f327eb631ef2e63ae2a6,67f9f2d4eb631ef2e63ae080,67f9f28aeb631ef2e63ade7a,1736.5500000000002,tarjeta de crédito,completado,2025-04-04T12:24:27.168000
67f9f327eb631ef2e63ae2a7,67f9f2d4eb631ef2e63ae081,67f9ed3f36a48ec062a03cdf,1028.3700000000001,digital,completado,2025-04-07T23:14:23.344000
67f9f327eb631ef2e63ae2a8,67f9f2d5eb631ef2e63ae082,67f9f28aeb631ef2e63ade7a,1675.3400000000001,tarjeta de crédito,completado,2025-04-02T19:23:35.578000
67f9f328eb631ef2e63ae2a9,67f9f2d5eb631ef2e63ae083,67f9ed3f36a48ec062a03d09,1479.7839999999999,efectivo,completado,2025-04-05T16:58:39.375000
67f9f328eb631ef2e63ae2aa,67f9f2d6eb631ef2e63ae084,67f9ed3f36a48ec062a03cea,1724.63,efectivo,completado,2025-04-08T17:33:56.345000
67f9f328eb631ef2e63ae2ab,67f9f2d6eb631ef2e63ae085,67f9ed3f36a48ec062a03cfe,108.14,digital,completado,2025-04-01T10:06:06.217000
67f9f328eb631ef2e63ae2ac,67f9f2d6eb631ef2e63ae086,67f9f28aeb631ef2e63ade77,645.9200000000001,efectivo,completado,2025-04-07T11:12:17.469000
67f9f328eb631ef2e63ae2ad,67f9f2d7eb631ef2e63ae087,67f9ed3f36a48ec062a03d03,472.83000000000004,efectivo,completado,2025-04-09T02:36:57.595000
67f9f328eb631ef2e63ae2ae,67f9f2d7eb631ef2e63ae088,67f9ed3f36a48ec062a03cff,1608.9099999999999,tarjeta de crédito,completado,2025-04-10T05:27:55.003000
67f9f328eb631ef2e63ae2af,67f9f2d8eb631ef2e63ae089,67f9f28aeb631ef2e63ade87,1192.47,digital,completado,2025-04-10T20:25:52.356000
67f9f328eb631ef2e63ae2b0,67f9f2d8eb631ef2e63ae08a,67f9f28aeb631ef2e63ade5a,526.1,efectivo,completado,2025-04-04T08:14:02.992000
67f9f328eb631ef2e63ae2b1,67f9f2d9eb631ef2e63ae08b,67f9f28aeb631ef2e63ade59,1333.28,tarjeta de crédito,completado,2025-04-07T08:09:00.159000
67f9f329eb631ef2e63ae2b2,67f9f2daeb631ef2e63ae08c,67f9f28aeb631ef2e63ade70,1215.602,efectivo,completado,2025-04-04T12:38:16.174000
67f9f329eb631ef2e63ae2b3,67f9f2daeb631ef2e63ae08d,67f9f28aeb631ef2e63ade7f,1683.6000000000001,tarjeta de crédito,completado,2025-04-10T05:17:11.416000
67f9f329eb631ef2e63ae2b4,67f9f2daeb631ef2e63ae08e,67f9ed3f36a48ec062a03ce2,1390.97,digital,completado,2025-04-08T13:33:00.737000
67f9f329eb631ef2e63ae2b5,67f9f2dbeb631ef2e63ae08f,67f9ed3f36a48ec062a03cf1,640.96,efectivo,completado,2025-04-05T07:30:57.808000
67f9f329eb631ef2e63ae2b6,67f9f2dbeb631ef2e63ae090,67f9f28aeb631ef2e63ade59,1386.44,digital,completado,2025-04-05T12:16:31.602000
67f9f329eb631ef2e63ae2b7,67f9f2dceb631ef2e63ae091,67f9ed3f36a48ec062a03d02,2505.088,tarjeta de crédito,completado,2025-04-03T16:59:43.851000
67f9f329eb631ef2e63ae2b8,67f9f2dceb631ef2e63ae092,67f9f28aeb631ef2e63ade7b,1097.91,efectivo,completado,2025-04-01T16:16:49.134000
67f9f329eb631ef2e63ae2b9,67f9f2dceb631ef2e63ae093,67f9f28aeb631ef2e63ade63,380.02,efectivo,completado,2025-04-08T02:25:35.363000
67f9f32aeb631ef2e63ae2ba,67f9f2ddeb631ef2e63ae094,67f9ed3f36a48ec062a03cda,1570.6000000000001,efectivo,completado,2025-04-01T01:43:16.192000
67f9f32aeb631ef2e63ae2bb,67f9f2ddeb631ef2e63ae095,67f9ed3f36a48ec062a03cfa,1570.1280000000002,efectivo,completado,2025-04-01T02:34:55.445000
67f9f32aeb631ef2e63ae2bc,67f9f2deeb631ef2e63ae096,67f9ed3f36a48ec062a03d08,1712.81,digital,completado,2025-04-08T20:14:05.293000
67f9f32aeb631ef2e63ae2bd,67f9f2deeb631ef2e63ae097,67f9ed3f36a48ec062a03cfb,2630.07,efectivo,completado,2025-04-07T11:49:56.140000
67f9f32aeb631ef2e63ae2be,67f9f2dfeb631ef2e63ae098,67f9ed3f36a48ec062a03cfb,2454.86,tarjeta de crédito,completado,2025-04-05T12:59:05.029000
67f9f32aeb631ef2e63ae2bf,67f9f2dfeb631ef2e63ae099,67f9ed3f36a48ec062a03cf5,2080.8199999999997,tarjeta de crédito,completado,2025-04-04T12:27:45.111000
67f9f32aeb631ef2e63ae2c0,67f9f2e0eb631ef2e63ae09a,67f9f28aeb631ef2e63ade5d,551.5440000000001,digital,completado,2025-04-02T09:24:25.852000
67f9f32aeb631ef2e63ae2c1,67f9f2e0eb631ef2e63ae09b,67f9ed3f36a48ec062a03ceb,932.8220000000001,efectivo,completado,2025-04-08T21:48:45.451000
67f9f32aeb631ef2e63ae2c2,67f9f2e0eb631ef2e63ae09c,67f9ed3f36a48ec062a03cf5,295.2,efectivo,completado,2025-04-01T10:32:45.771000
67f9f32aeb631ef2e63ae2c3,67f9f2e1eb631ef2e63ae09d,67f9ed3f36a48ec062a03d01,1635.414,tarjeta de crédito,completado,2025-04-04T23:08:44.463000
67f9f32beb631ef2e63ae2c4,67f9f2e1eb631ef2e63ae09e,67f9ed3f36a48ec062a03cda,1458.16,tarjeta de crédito,completado,2025-04-02T05:26:22.040000
67f9f32beb631ef2e63ae2c5,67f9f2e2eb631ef2e63ae09f,67f9ed3f36a48ec062a03cdf,1303.5439999999999,tarjeta de crédito,completado,2025-04-03T06:45:53.617000
67f9f32beb631ef2e63ae2c6,67f9f2e2eb631ef2e63ae0a0,67f9ed3f36a48ec062a03d0d,1496.54,digital,completado,2025-04-05T20:41:58.477000
67f9f32beb631ef2e63ae2c7,67f9f2e2eb631ef2e63ae0a1,67f9ed3f36a48ec062a03cfd,938.6999999999999,efectivo,completado,2025-04-02T08:31:15.593000
67f9f32beb631ef2e63ae2c8,67f9f2e3eb631ef2e63ae0a2,67f9ed3f36a48ec062a03cf0,289.68,tarjeta de crédito,completado,2025-04-11T19:39:54.607000
67f9f32beb631ef2e63ae2c9,67f9f2e3eb631ef2e63ae0a3,67f9f28aeb631ef2e63ade65,157.68,efectivo,completado,2025-04-07T07:47:09.679000
67f9f32beb631ef2e63ae2ca,67f9f2e4eb631ef2e63ae0a4,67f9f28aeb631ef2e63ade59,438.28000000000003,tarjeta de crédito,completado,2025-04-10T13:30:54.945000
67f9f32beb631ef2e63ae2cb,67f9f2e4eb631ef2e63ae0a5,67f9ed3f36a48ec062a03cef,457.78,digital,completado,2025-04-05T19:58:04.393000
67f9f32beb631ef2e63ae2cc,67f9f2e5eb631ef2e63ae0a6,67f9f28aeb631ef2e63ade63,2062.8399999999997,efectivo,completado,2025-04-09T00:47:36.068000
67f9f32ceb631ef2e63ae2cd,67f9f2e5eb631ef2e63ae0a7,67f9f28aeb631ef2e63ade7d,362.26,tarjeta de crédito,completado,2025-04-06T04:11:27.642000
67f9f32ceb631ef2e63ae2ce,67f9f2e5eb631ef2e63ae0a8,67f9ed3f36a48ec062a03d03,3584.1499999999996,digital,completado,2025-04-03T18:31:01.559000
67f9f32ceb631ef2e63ae2cf,67f9f2e6eb631ef2e63ae0a9,67f9ed3f36a48ec062a03cfd,1750.92,digital,completado,2025-04-09T06:00:32.249000
67f9f32ceb631ef2e63ae2d0,67f9f2e6eb631ef2e63ae0aa,67f9f28aeb631ef2e63ade77,216.96,efectivo,completado,2025-04-04T15:21:52.992000
67f9f32ceb631ef2e63ae2d1,67f9f2e6eb631ef2e63ae0ab,67f9ed3f36a48ec062a03d07,513.62,tarjeta de crédito,completado,2025-04-09T17:00:20.787000
67f9f32ceb631ef2e63ae2d2,67f9f2e7eb631ef2e63ae0ac,67f9f28aeb631ef2e63ade84,1748.102,digital,completado,2025-04-08T14:04:39.139000
67f9f32ceb631ef2e63ae2d3,67f9f2e7eb631ef2e63ae0ad,67f9ed3f36a48ec062a03ce4,427.91999999999996,tarjeta de crédito,completado,2025-04-01T06:53:33.757000
67f9f32ceb631ef2e63ae2d4,67f9f2e7eb631ef2e63ae0ae,67f9ed3f36a48ec062a03cf2,600.75,digital,completado,2025-04-04T21:24:03.536000
67f9f32ceb631ef2e63ae2d5,67f9f2e8eb631ef2e63ae0af,67f9ed3f36a48ec062a03d07,896.11,tarjeta de crédito,completado,2025-04-05T02:04:49.417000
67f9f32deb631ef2e63ae2d6,67f9f2e8eb631ef2e63ae0b0,67f9f28aeb631ef2e63ade70,1288.374,digital,completado,2025-04-10T10:11:35.699000
67f9f32deb631ef2e63ae2d7,67f9f2e9eb631ef2e63ae0b1,67f9f28aeb631ef2e63ade73,3121.12,digital,completado,2025-04-02T06:07:54.292000
67f9f32deb631ef2e63ae2d8,67f9f2e9eb631ef2e63ae0b2,67f9ed3f36a48ec062a03ce2,566.68,efectivo,completado,2025-04-03T01:29:01.234000
67f9f32deb631ef2e63ae2d9,67f9f2eaeb631ef2e63ae0b3,67f9f28aeb631ef2e63ade7a,1562.98,digital,completado,2025-04-08T13:32:15.332000
67f9f32deb631ef2e63ae2da,67f9f2eaeb631ef2e63ae0b4,67f9ed3f36a48ec062a03d0e,1524.546,digital,completado,2025-04-03T19:16:55.761000
67f9f32deb631ef2e63ae2db,67f9f2eaeb631ef2e63ae0b5,67f9f28aeb631ef2e63ade84,314.98,tarjeta de crédito,completado,2025-04-09T03:14:04.607000
67f9f32deb631ef2e63ae2dc,67f9f2ebeb631ef2e63ae0b6,67f9ed3f36a48ec062a03cef,1999.8799999999997,digital,completado,2025-04-03T19:59:16.351000
67f9f32deb631ef2e63ae2dd,67f9f2ebeb631ef2e63ae0b7,67f9ed3f36a48ec062a03cdf,281.3,tarjeta de crédito,completado,2025-04-08T11:32:15.162000
67f9f32deb631ef2e63ae2de,67f9f2ebeb631ef2e63ae0b8,67f9ed3f36a48ec062a03cf6,177.98,digital,completado,2025-04-08T07:27:10.750000
67f9f32eeb631ef2e63ae2df,67f9f2eceb631ef2e63ae0b9,67f9f28aeb631ef2e63ade61,1378.32,efectivo,completado,2025-04-02T00:54:28.726000
67f9f32eeb631ef2e63ae2e0,67f9f2eceb631ef2e63ae0ba,67f9ed3f36a48ec062a03ce8,1421.16,digital,completado,2025-04-09T06:14:46.637000
67f9f32eeb631ef2e63ae2e1,67f9f2edeb631ef2e63ae0bb,67f9f28aeb631ef2e63ade54,2342.486,digital,completado,2025-04-10T12:39:53.817000
67f9f32eeb631ef2e63ae2e2,67f9f2edeb631ef2e63ae0bc,67f9f28aeb631ef2e63ade72,667.35,tarjeta de crédito,completado,2025-04-07T14:47:39.925000
67f9f32eeb631ef2e63ae2e3,67f9f2edeb631ef2e63ae0bd,67f9ed3f36a48ec062a03d06,1444.94,digital,completado,2025-04-05T20:06:31.184000
67f9f32eeb631ef2e63ae2e4,67f9f2eeeb631ef2e63ae0be,67f9f28aeb631ef2e63ade7b,788.62,efectivo,completado,2025-04-06T05:55:17.141000
67f9f32eeb631ef2e63ae2e5,67f9f2eeeb631ef2e63ae0bf,67f9f28aeb631ef2e63ade6b,1453.72,digital,completado,2025-04-03T05:14:42.951000
67f9f32eeb631ef2e63ae2e6,67f9f2efeb631ef2e63ae0c0,67f9ed3f36a48ec062a03ce7,2675.84,digital,completado,2025-04-08T23:37:42.009000
67f9f32eeb631ef2e63ae2e7,67f9f2efeb631ef2e63ae0c1,67f9ed3f36a48ec062a03cef,481.91999999999996,digital,completado,2025-04-06T18:52:38.811000
67f9f32feb631ef2e63ae2e8,67f9f2efeb631ef2e63ae0c2,67f9f28aeb631ef2e63ade61,1188.8999999999999,efectivo,completado,2025-04-01T22:10:59.069000
67f9f32feb631ef2e63ae2e9,67f9f2f0eb631ef2e63ae0c3,67f9ed3f36a48ec062a03cd8,1005.67,tarjeta de crédito,completado,2025-04-04T13:07:06.290000
67f9f32feb631ef2e63ae2ea,67f9f2f0eb631ef2e63ae0c4,67f9ed3f36a48ec062a03cf9,966.11,efectivo,completado,2025-04-02T10:21:11.261000
67f9f32feb631ef2e63ae2eb,67f9f2f1eb631ef2e63ae0c5,67f9ed3f36a48ec062a03ce9,766.74,tarjeta de crédito,completado,2025-04-04T16:25:06.296000
67f9f32feb631ef2e63ae2ec,67f9f2f1eb631ef2e63ae0c6,67f9f28aeb631ef2e63ade6d,1509.0,digital,completado,2025-04-07T01:48:22.758000
